2026-09-26 11:27:48,527 INFO GET /api/catalog 200 56.0 мс
2026-09-26 11:27:48,540 INFO POST /api/scheme/apply 200 3.2 мс
2026-09-26 11:27:48,547 INFO POST /api/scheme/apply 200 1.7 мс
2026-09-26 11:27:48,551 INFO POST /api/scheme/menu 200 2.0 мс
2026-09-26 11:27:48,555 INFO POST /api/scheme/apply 200 1.4 мс
2026-09-26 11:27:48,560 INFO POST /api/scheme/apply 200 2.2 мс
2026-09-26 11:27:48,565 INFO POST /api/scheme/apply 200 1.4 мс
2026-09-26 11:27:48,569 INFO POST /api/scheme/apply 200 1.8 мс
2026-09-26 11:27:48,572 INFO отказ /api/scheme/apply: К опоре присоединена ЛЭП! Опора не удалена!
2026-09-26 11:27:48,573 INFO POST /api/scheme/apply 409 1.1 мс
2026-09-26 11:27:48,577 INFO POST /api/scheme/apply 200 1.5 мс
2026-09-26 11:27:48,580 INFO отказ /api/scheme/apply: Действие «Пролёт между опорами» недоступно в выбранной точке
2026-09-26 11:27:48,580 INFO POST /api/scheme/apply 409 1.1 мс
2026-09-26 11:27:48,584 INFO неверный запрос /api/scheme/apply: Действие: недопустимое значение
2026-09-26 11:27:48,584 INFO POST /api/scheme/apply 422 0.6 мс
2026-09-26 11:27:48,587 INFO неверный запрос /api/scheme/apply: Точка присоединения, координата x: должно быть числом
2026-09-26 11:27:48,587 INFO POST /api/scheme/apply 422 0.5 мс
2026-09-26 11:27:48,591 INFO неверный запрос /api/scheme/apply: ЛЭП, длина: должно быть больше 0
2026-09-26 11:27:48,591 INFO POST /api/scheme/apply 422 0.6 мс
2026-09-26 11:27:48,595 INFO неверный запрос /api/scheme/apply: Опора, количество ответвлений: должно быть не больше 10
2026-09-26 11:27:48,595 INFO POST /api/scheme/apply 422 0.7 мс
2026-09-26 11:27:48,599 INFO неверный запрос /api/scheme/apply: Трансформатор: ступень ПБВ должна быть от −1 до +1
2026-09-26 11:27:48,599 INFO POST /api/scheme/apply 422 0.6 мс
2026-09-26 11:27:48,602 INFO отказ /api/scheme/apply: Схема не передана
2026-09-26 11:27:48,602 INFO POST /api/scheme/apply 409 0.9 мс
2026-09-26 11:27:48,607 INFO POST /api/scheme/apply 200 1.8 мс
2026-09-26 11:27:48,611 INFO POST /api/exchange/export 200 1.6 мс
2026-09-26 11:27:48,614 INFO POST /api/exchange/import 200 1.0 мс
2026-09-26 11:27:48,632 INFO POST /api/exchange/import 200 14.1 мс
2026-09-26 11:27:48,642 INFO POST /api/exchange/export 200 5.0 мс
2026-09-26 11:27:48,657 INFO POST /api/exchange/import 200 10.9 мс
2026-09-26 11:27:48,669 INFO POST /api/exchange/export 200 7.0 мс
2026-09-26 11:27:48,681 INFO POST /api/exchange/import 200 6.8 мс
2026-09-26 11:27:48,689 INFO POST /api/exchange/export 200 4.5 мс
2026-09-26 11:27:48,703 INFO POST /api/exchange/import 200 9.8 мс
2026-09-26 11:27:48,716 INFO POST /api/exchange/export 200 6.6 мс
2026-09-26 11:27:48,725 INFO POST /api/exchange/import 200 6.0 мс
2026-09-26 11:27:48,734 INFO POST /api/exchange/export 200 4.0 мс
2026-09-26 11:27:48,743 INFO POST /api/exchange/import 200 5.7 мс
2026-09-26 11:27:48,751 INFO POST /api/exchange/export 200 3.8 мс
2026-09-26 11:27:48,764 INFO POST /api/exchange/import 200 9.9 мс
2026-09-26 11:27:48,777 INFO POST /api/exchange/export 200 6.9 мс
2026-09-26 11:27:48,787 INFO POST /api/exchange/import 200 6.0 мс
2026-09-26 11:27:48,796 INFO POST /api/exchange/export 200 4.3 мс
2026-09-26 11:27:48,829 INFO POST /api/exchange/import 200 29.5 мс
2026-09-26 11:27:48,836 INFO POST /api/exchange/export 200 2.4 мс
2026-09-26 11:27:48,849 INFO POST /api/exchange/import 200 8.6 мс
2026-09-26 11:27:48,859 INFO POST /api/exchange/export 200 4.9 мс
2026-09-26 11:27:48,868 INFO POST /api/exchange/import 200 5.4 мс
2026-09-26 11:27:48,876 INFO POST /api/exchange/export 200 3.7 мс
2026-09-26 11:27:48,889 INFO POST /api/exchange/import 200 8.9 мс
2026-09-26 11:27:48,900 INFO POST /api/exchange/export 200 5.6 мс
2026-09-26 11:27:48,910 INFO POST /api/exchange/import 200 5.8 мс
2026-09-26 11:27:48,919 INFO POST /api/exchange/export 200 3.8 мс
2026-09-26 11:27:48,931 INFO POST /api/exchange/import 200 7.4 мс
2026-09-26 11:27:48,941 INFO POST /api/exchange/export 200 4.2 мс
2026-09-26 11:27:48,950 INFO POST /api/exchange/import 200 5.0 мс
2026-09-26 11:27:48,959 INFO POST /api/exchange/export 200 4.0 мс
2026-09-26 11:27:48,968 INFO POST /api/exchange/import 200 5.2 мс
2026-09-26 11:27:48,977 INFO POST /api/exchange/export 200 4.0 мс
2026-09-26 11:27:48,991 INFO POST /api/exchange/import 200 9.2 мс
2026-09-26 11:27:49,002 INFO POST /api/exchange/export 200 5.6 мс
2026-09-26 11:27:49,010 INFO POST /api/exchange/import 200 5.0 мс
2026-09-26 11:27:49,018 INFO POST /api/exchange/export 200 3.4 мс
2026-09-26 11:27:49,023 INFO POST /api/exchange/import 400 0.7 мс
2026-09-26 11:27:49,027 INFO POST /api/exchange/import 400 0.7 мс
2026-09-26 11:27:49,045 INFO POST /api/exchange/import 413 14.3 мс
2026-09-26 11:27:49,052 INFO POST /api/scheme/apply 200 1.5 мс
2026-09-26 11:27:49,055 INFO POST /api/exchange/export 200 0.9 мс
2026-09-26 11:27:49,078 INFO GET /api/openapi.json 200 19.4 мс
2026-09-26 11:27:49,122 INFO POST /api/calc 200 27.9 мс
2026-09-26 11:27:49,128 INFO POST /api/scheme/apply 200 1.6 мс
2026-09-26 11:27:49,132 INFO отказ /api/calc: В схеме отсутствуют потребители! Расчёт не запущен!
2026-09-26 11:27:49,132 INFO POST /api/calc 409 1.0 мс
2026-09-26 11:27:49,145 INFO неверный запрос /api/calc: Period: недопустимое значение
2026-09-26 11:27:49,145 INFO POST /api/calc 422 3.2 мс
2026-09-26 11:27:49,157 INFO отказ /api/calc: В схеме отсутствуют ЛЭП! Расчёт не запущен!
2026-09-26 11:27:49,158 INFO POST /api/calc 409 2.6 мс
2026-09-26 11:27:49,172 INFO отказ /api/calc: В схеме имеются ЛЭП нулевой длины! Расчёт не запущен!
2026-09-26 11:27:49,173 INFO POST /api/calc 409 5.3 мс
2026-09-26 11:27:49,182 INFO POST /api/calc 200 4.6 мс
2026-09-26 11:27:49,225 INFO POST /api/calc 200 25.1 мс
2026-09-26 11:27:49,231 INFO GET /api/catalog/mark 200 0.9 мс
2026-09-26 11:27:49,236 INFO GET /api/catalog/mark 200 0.9 мс
2026-09-26 11:27:49,240 INFO GET /api/catalog/mark 200 0.8 мс
2026-09-26 11:27:49,250 INFO POST /api/scheme/apply 200 1.7 мс
2026-09-26 11:27:49,253 INFO неверный запрос /api/exchange/export: Опора № 1, надпись: текст не должен содержать переводов строки и служебных символов
2026-09-26 11:27:49,253 INFO POST /api/exchange/export 422 0.7 мс
2026-09-26 11:27:49,258 INFO POST /api/scheme/apply 200 1.7 мс
2026-09-26 11:27:49,261 INFO неверный запрос /api/exchange/export: Опора № 1, надпись: текст не должен содержать переводов строки и служебных символов
2026-09-26 11:27:49,261 INFO POST /api/exchange/export 422 0.7 мс
2026-09-26 11:27:49,266 INFO POST /api/scheme/apply 200 1.8 мс
2026-09-26 11:27:49,269 INFO неверный запрос /api/exchange/export: Опора № 1, надпись: текст не должен содержать переводов строки и служебных символов
2026-09-26 11:27:49,269 INFO POST /api/exchange/export 422 0.7 мс
2026-09-26 11:27:49,274 INFO POST /api/scheme/apply 200 1.7 мс
2026-09-26 11:27:49,277 INFO неверный запрос /api/exchange/export: Опора № 1, надпись: символ «≤» нельзя сохранить в файл .cir
2026-09-26 11:27:49,277 INFO POST /api/exchange/export 422 0.8 мс
2026-09-26 11:27:49,282 INFO POST /api/scheme/apply 200 1.6 мс
2026-09-26 11:27:49,285 INFO неверный запрос /api/exchange/export: Опора № 1, надпись: символ «中» нельзя сохранить в файл .cir
2026-09-26 11:27:49,285 INFO POST /api/exchange/export 422 0.7 мс
2026-09-26 11:27:49,289 INFO POST /api/scheme/apply 200 1.6 мс
2026-09-26 11:27:49,292 INFO неверный запрос /api/scheme/apply: Потребитель, тип потребителя: недопустимое значение
2026-09-26 11:27:49,292 INFO POST /api/scheme/apply 422 0.6 мс
2026-09-26 11:27:49,296 INFO POST /api/scheme/apply 200 1.5 мс
2026-09-26 11:27:49,298 INFO неверный запрос /api/scheme/apply: Опора № 1, количество ответвлений: должно быть не больше 100
2026-09-26 11:27:49,299 INFO POST /api/scheme/apply 422 0.6 мс
2026-09-26 11:27:49,302 INFO POST /api/scheme/apply 200 1.5 мс
2026-09-26 11:27:49,322 INFO неверный запрос /api/exchange/export: Lines: слишком много элементов (не более 1200)
2026-09-26 11:27:49,323 INFO POST /api/exchange/export 422 11.1 мс
2026-09-26 11:27:49,353 INFO POST /api/exchange/import 400 19.6 мс
2026-09-26 11:27:49,359 INFO POST /api/scheme/apply 200 1.4 мс
2026-09-26 11:27:49,362 INFO неверный запрос /api/exchange/export: ЛЭП № 1, длина: должно быть конечным числом
2026-09-26 11:27:49,362 INFO POST /api/exchange/export 422 0.6 мс
2026-09-26 11:27:49,365 INFO неверный запрос /api/scheme/apply: ЛЭП, длина: должно быть числом
2026-09-26 11:27:49,365 INFO POST /api/scheme/apply 422 0.7 мс
2026-09-26 11:27:49,369 INFO POST /api/scheme/apply 200 1.4 мс
2026-09-26 11:27:49,372 INFO POST /api/exchange/export 200 1.0 мс
2026-09-26 11:27:49,377 INFO POST /api/scheme/form 200 2.1 мс
2026-09-26 11:27:49,381 INFO POST /api/scheme/apply 200 1.4 мс
2026-09-26 11:27:49,385 INFO POST /api/scheme/apply 200 1.8 мс
2026-09-26 11:27:49,388 INFO POST /api/scheme/form 200 1.0 мс
2026-09-26 11:27:49,392 INFO GET /api/scheme/titles 200 0.7 мс
2026-09-26 11:27:49,396 INFO POST /api/scheme/apply 200 1.4 мс
2026-09-26 11:27:49,399 INFO POST /api/scheme/menu 200 1.3 мс
2026-09-26 11:27:49,403 INFO POST /api/scheme/apply 200 1.4 мс
2026-09-26 11:27:49,407 INFO POST /api/scheme/apply 200 1.7 мс
2026-09-26 11:27:49,422 INFO POST /api/exchange/import 200 11.0 мс
2026-09-26 11:27:49,441 INFO POST /api/scheme/apply 200 13.6 мс
2026-09-26 11:27:49,454 INFO POST /api/exchange/export 200 6.7 мс
2026-09-26 11:27:49,466 INFO POST /api/exchange/import 200 6.5 мс
2026-09-26 11:27:49,479 INFO POST /api/scheme/apply 200 8.6 мс
2026-09-26 11:27:49,488 INFO POST /api/exchange/export 200 4.6 мс
2026-09-26 11:27:49,503 INFO POST /api/exchange/import 200 9.7 мс
2026-09-26 11:27:49,520 INFO POST /api/scheme/apply 200 12.1 мс
2026-09-26 11:27:49,532 INFO POST /api/exchange/export 200 6.1 мс
2026-09-26 11:27:49,539 INFO POST /api/exchange/import 413 0.1 мс
2026-10-03 04:15:08,113 INFO GET /api/catalog 200 53.0 мс
2026-10-03 04:15:08,126 INFO POST /api/scheme/apply 200 2.9 мс
2026-10-03 04:15:08,126 INFO POST /api/scheme/apply 200 1.8 мс
2026-10-03 04:15:08,161 INFO POST /api/scheme/menu 200 25.2 мс
2026-10-03 04:15:08,167 INFO POST /api/scheme/apply 200 1.6 мс
2026-10-03 04:15:08,167 INFO POST /api/scheme/apply 200 2.0 мс
2026-10-03 04:15:08,176 INFO POST /api/scheme/apply 200 1.4 мс
2026-10-03 04:15:08,177 INFO POST /api/scheme/apply 200 2.0 мс
2026-10-03 04:15:08,177 INFO отказ /api/scheme/apply: К опоре присоединена ЛЭП! Опора не удалена!
2026-10-03 04:15:08,177 INFO POST /api/scheme/apply 409 1.1 мс
2026-10-03 04:15:08,187 INFO POST /api/scheme/apply 200 1.5 мс
2026-10-03 04:15:08,187 INFO отказ /api/scheme/apply: Действие «Пролёт между опорами» недоступно в выбранной точке
2026-10-03 04:15:08,187 INFO POST /api/scheme/apply 409 1.0 мс
2026-10-03 04:15:08,193 INFO неверный запрос /api/scheme/apply: Действие: недопустимое значение
2026-10-03 04:15:08,194 INFO POST /api/scheme/apply 422 0.5 мс
2026-10-03 04:15:08,197 INFO неверный запрос /api/scheme/apply: Точка присоединения, координата x: должно быть числом
2026-10-03 04:15:08,197 INFO POST /api/scheme/apply 422 0.5 мс
2026-10-03 04:15:08,197 INFO неверный запрос /api/scheme/apply: ЛЭП, длина: должно быть больше 0
2026-10-03 04:15:08,197 INFO POST /api/scheme/apply 422 0.5 мс
2026-10-03 04:15:08,197 INFO неверный запрос /api/scheme/apply: Опора, количество ответвлений: должно быть не больше 10
2026-10-03 04:15:08,197 INFO POST /api/scheme/apply 422 0.5 мс
2026-10-03 04:15:08,205 INFO неверный запрос /api/scheme/apply: Трансформатор: ступень ПБВ должна быть от −1 до +1
2026-10-03 04:15:08,205 INFO POST /api/scheme/apply 422 0.5 мс
2026-10-03 04:15:08,210 INFO отказ /api/scheme/apply: Схема не передана
2026-10-03 04:15:08,210 INFO POST /api/scheme/apply 409 1.2 мс
2026-10-03 04:15:08,215 INFO POST /api/scheme/apply 200 1.6 мс
2026-10-03 04:15:08,217 INFO POST /api/exchange/export 200 1.6 мс
2026-10-03 04:15:08,217 INFO POST /api/exchange/import 200 1.0 мс
2026-10-03 04:15:08,229 INFO POST /api/exchange/import 200 7.5 мс
2026-10-03 04:15:08,243 INFO POST /api/exchange/export 200 5.1 мс
2026-10-03 04:15:08,258 INFO POST /api/exchange/import 200 10.1 мс
2026-10-03 04:15:08,268 INFO POST /api/exchange/export 200 6.3 мс
2026-10-03 04:15:08,279 INFO POST /api/exchange/import 200 9.0 мс
2026-10-03 04:15:08,289 INFO POST /api/exchange/export 200 4.4 мс
2026-10-03 04:15:08,307 INFO POST /api/exchange/import 200 9.5 мс
2026-10-03 04:15:08,319 INFO POST /api/exchange/export 200 5.9 мс
2026-10-03 04:15:08,329 INFO POST /api/exchange/import 200 6.3 мс
2026-10-03 04:15:08,329 INFO POST /api/exchange/export 200 3.8 мс
2026-10-03 04:15:08,343 INFO POST /api/exchange/import 200 5.5 мс
2026-10-03 04:15:08,350 INFO POST /api/exchange/export 200 3.4 мс
2026-10-03 04:15:08,360 INFO POST /api/exchange/import 200 9.4 мс
2026-10-03 04:15:08,377 INFO POST /api/exchange/export 200 5.8 мс
2026-10-03 04:15:08,380 INFO POST /api/exchange/import 200 6.0 мс
2026-10-03 04:15:08,393 INFO POST /api/exchange/export 200 4.3 мс
2026-10-03 04:15:08,403 INFO POST /api/exchange/import 200 3.2 мс
2026-10-03 04:15:08,410 INFO POST /api/exchange/export 200 2.3 мс
2026-10-03 04:15:08,421 INFO POST /api/exchange/import 200 8.2 мс
2026-10-03 04:15:08,431 INFO POST /api/exchange/export 200 5.1 мс
2026-10-03 04:15:08,442 INFO POST /api/exchange/import 200 5.4 мс
2026-10-03 04:15:08,443 INFO POST /api/exchange/export 200 3.4 мс
2026-10-03 04:15:08,462 INFO POST /api/exchange/import 200 8.7 мс
2026-10-03 04:15:08,475 INFO POST /api/exchange/export 200 5.6 мс
2026-10-03 04:15:08,482 INFO POST /api/exchange/import 200 5.2 мс
2026-10-03 04:15:08,492 INFO POST /api/exchange/export 200 3.6 мс
2026-10-03 04:15:08,502 INFO POST /api/exchange/import 200 7.0 мс
2026-10-03 04:15:08,512 INFO POST /api/exchange/export 200 6.2 мс
2026-10-03 04:15:08,526 INFO POST /api/exchange/import 200 5.3 мс
2026-10-03 04:15:08,533 INFO POST /api/exchange/export 200 3.4 мс
2026-10-03 04:15:08,543 INFO POST /api/exchange/import 200 5.1 мс
2026-10-03 04:15:08,543 INFO POST /api/exchange/export 200 3.1 мс
2026-10-03 04:15:08,563 INFO POST /api/exchange/import 200 9.1 мс
2026-10-03 04:15:08,574 INFO POST /api/exchange/export 200 5.5 мс
2026-10-03 04:15:08,584 INFO POST /api/exchange/import 200 5.0 мс
2026-10-03 04:15:08,590 INFO POST /api/exchange/export 200 3.4 мс
2026-10-03 04:15:08,594 INFO POST /api/exchange/import 400 0.7 мс
2026-10-03 04:15:08,594 INFO POST /api/exchange/import 400 0.7 мс
2026-10-03 04:15:08,614 INFO POST /api/exchange/import 413 14.8 мс
2026-10-03 04:15:08,623 INFO POST /api/scheme/apply 200 1.5 мс
2026-10-03 04:15:08,624 INFO POST /api/exchange/export 200 1.6 мс
2026-10-03 04:15:08,644 INFO GET /api/openapi.json 200 20.0 мс
2026-10-03 04:15:08,695 INFO POST /api/calc 200 27.7 мс
2026-10-03 04:15:08,695 INFO POST /api/scheme/apply 200 1.5 мс
2026-10-03 04:15:08,705 INFO отказ /api/calc: В схеме отсутствуют потребители! Расчёт не запущен!
2026-10-03 04:15:08,705 INFO POST /api/calc 409 1.1 мс
2026-10-03 04:15:08,715 INFO неверный запрос /api/calc: Period: недопустимое значение
2026-10-03 04:15:08,715 INFO POST /api/calc 422 3.3 мс
2026-10-03 04:15:08,725 INFO отказ /api/calc: В схеме отсутствуют ЛЭП! Расчёт не запущен!
2026-10-03 04:15:08,725 INFO POST /api/calc 409 2.9 мс
2026-10-03 04:15:08,745 INFO отказ /api/calc: В схеме имеются ЛЭП нулевой длины! Расчёт не запущен!
2026-10-03 04:15:08,752 INFO POST /api/calc 409 6.9 мс
2026-10-03 04:15:08,755 INFO POST /api/calc 200 4.8 мс
2026-10-03 04:15:08,796 INFO POST /api/calc 200 25.4 мс
2026-10-03 04:15:08,804 INFO GET /api/catalog/mark 200 1.5 мс
2026-10-03 04:15:08,813 INFO GET /api/catalog/mark 200 1.2 мс
2026-10-03 04:15:08,817 INFO GET /api/catalog/mark 200 1.2 мс
2026-10-03 04:15:08,827 INFO POST /api/scheme/apply 200 2.0 мс
2026-10-03 04:15:08,837 INFO неверный запрос /api/exchange/export: Опора № 1, надпись: текст не должен содержать переводов строки и служебных символов
2026-10-03 04:15:08,837 INFO POST /api/exchange/export 422 0.7 мс
2026-10-03 04:15:08,840 INFO POST /api/scheme/apply 200 2.1 мс
2026-10-03 04:15:08,847 INFO неверный запрос /api/exchange/export: Опора № 1, надпись: текст не должен содержать переводов строки и служебных символов
2026-10-03 04:15:08,847 INFO POST /api/exchange/export 422 0.7 мс
2026-10-03 04:15:08,853 INFO POST /api/scheme/apply 200 1.7 мс
2026-10-03 04:15:08,856 INFO неверный запрос /api/exchange/export: Опора № 1, надпись: текст не должен содержать переводов строки и служебных символов
2026-10-03 04:15:08,856 INFO POST /api/exchange/export 422 0.7 мс
2026-10-03 04:15:08,857 INFO POST /api/scheme/apply 200 1.6 мс
2026-10-03 04:15:08,857 INFO неверный запрос /api/exchange/export: Опора № 1, надпись: символ «≤» нельзя сохранить в файл .cir
2026-10-03 04:15:08,857 INFO POST /api/exchange/export 422 0.6 мс
2026-10-03 04:15:08,867 INFO POST /api/scheme/apply 200 1.7 мс
2026-10-03 04:15:08,867 INFO неверный запрос /api/exchange/export: Опора № 1, надпись: символ «中» нельзя сохранить в файл .cir
2026-10-03 04:15:08,867 INFO POST /api/exchange/export 422 0.6 мс
2026-10-03 04:15:08,874 INFO POST /api/scheme/apply 200 1.6 мс
2026-10-03 04:15:08,878 INFO неверный запрос /api/scheme/apply: Потребитель, тип потребителя: недопустимое значение
2026-10-03 04:15:08,878 INFO POST /api/scheme/apply 422 0.6 мс
2026-10-03 04:15:08,878 INFO POST /api/scheme/apply 200 1.6 мс
2026-10-03 04:15:08,878 INFO неверный запрос /api/scheme/apply: Опора № 1, количество ответвлений: должно быть не больше 100
2026-10-03 04:15:08,878 INFO POST /api/scheme/apply 422 0.6 мс
2026-10-03 04:15:08,889 INFO POST /api/scheme/apply 200 1.6 мс
2026-10-03 04:15:08,908 INFO неверный запрос /api/exchange/export: Lines: слишком много элементов (не более 1200)
2026-10-03 04:15:08,908 INFO POST /api/exchange/export 422 10.9 мс
2026-10-03 04:15:08,938 INFO POST /api/exchange/import 400 19.0 мс
2026-10-03 04:15:08,940 INFO POST /api/scheme/apply 200 1.9 мс
2026-10-03 04:15:08,947 INFO неверный запрос /api/exchange/export: ЛЭП № 1, длина: должно быть конечным числом
2026-10-03 04:15:08,947 INFO POST /api/exchange/export 422 0.6 мс
2026-10-03 04:15:08,950 INFO неверный запрос /api/scheme/apply: ЛЭП, длина: должно быть числом
2026-10-03 04:15:08,950 INFO POST /api/scheme/apply 422 0.7 мс
2026-10-03 04:15:08,955 INFO POST /api/scheme/apply 200 1.6 мс
2026-10-03 04:15:08,957 INFO POST /api/exchange/export 200 1.1 мс
2026-10-03 04:15:08,959 INFO POST /api/scheme/form 200 2.0 мс
2026-10-03 04:15:08,967 INFO POST /api/scheme/apply 200 1.4 мс
2026-10-03 04:15:08,973 INFO POST /api/scheme/apply 200 1.9 мс
2026-10-03 04:15:08,974 INFO POST /api/scheme/form 200 1.0 мс
2026-10-03 04:15:08,978 INFO GET /api/scheme/titles 200 0.7 мс
2026-10-03 04:15:08,980 INFO POST /api/scheme/apply 200 1.4 мс
2026-10-03 04:15:08,980 INFO POST /api/scheme/menu 200 1.3 мс
2026-10-03 04:15:08,990 INFO POST /api/scheme/apply 200 1.4 мс
2026-10-03 04:15:08,990 INFO POST /api/scheme/apply 200 1.8 мс
2026-10-03 04:15:09,008 INFO POST /api/exchange/import 200 11.1 мс
2026-10-03 04:15:09,023 INFO POST /api/scheme/apply 200 13.2 мс
2026-10-03 04:15:09,039 INFO POST /api/exchange/export 200 6.6 мс
2026-10-03 04:15:09,051 INFO POST /api/exchange/import 200 6.6 мс
2026-10-03 04:15:09,090 INFO POST /api/scheme/apply 200 35.0 мс
2026-10-03 04:15:09,099 INFO POST /api/exchange/export 200 4.6 мс
2026-10-03 04:15:09,112 INFO POST /api/exchange/import 200 10.2 мс
2026-10-03 04:15:09,132 INFO POST /api/scheme/apply 200 12.7 мс
2026-10-03 04:15:09,142 INFO POST /api/exchange/export 200 6.1 мс
2026-10-03 04:15:09,154 INFO POST /api/exchange/import 413 0.0 мс
2026-10-03 04:16:44,418 INFO GET /api/catalog 200 52.9 мс
2026-10-03 04:16:44,431 INFO POST /api/scheme/apply 200 2.5 мс
2026-10-03 04:16:44,433 INFO POST /api/scheme/apply 200 1.4 мс
2026-10-03 04:16:44,464 INFO POST /api/scheme/menu 200 26.3 мс
2026-10-03 04:16:44,464 INFO POST /api/scheme/apply 200 1.4 мс
2026-10-03 04:16:44,474 INFO POST /api/scheme/apply 200 2.0 мс
2026-10-03 04:16:44,478 INFO POST /api/scheme/apply 200 1.6 мс
2026-10-03 04:16:44,482 INFO POST /api/scheme/apply 200 1.6 мс
2026-10-03 04:16:44,484 INFO отказ /api/scheme/apply: К опоре присоединена ЛЭП! Опора не удалена!
2026-10-03 04:16:44,484 INFO POST /api/scheme/apply 409 1.0 мс
2026-10-03 04:16:44,489 INFO POST /api/scheme/apply 200 1.8 мс
2026-10-03 04:16:44,495 INFO отказ /api/scheme/apply: Действие «Пролёт между опорами» недоступно в выбранной точке
2026-10-03 04:16:44,495 INFO POST /api/scheme/apply 409 1.0 мс
2026-10-03 04:16:44,495 INFO неверный запрос /api/scheme/apply: Действие: недопустимое значение
2026-10-03 04:16:44,495 INFO POST /api/scheme/apply 422 0.5 мс
2026-10-03 04:16:44,495 INFO неверный запрос /api/scheme/apply: Точка присоединения, координата x: должно быть числом
2026-10-03 04:16:44,495 INFO POST /api/scheme/apply 422 0.5 мс
2026-10-03 04:16:44,505 INFO неверный запрос /api/scheme/apply: ЛЭП, длина: должно быть больше 0
2026-10-03 04:16:44,505 INFO POST /api/scheme/apply 422 0.6 мс
2026-10-03 04:16:44,506 INFO неверный запрос /api/scheme/apply: Опора, количество ответвлений: должно быть не больше 10
2026-10-03 04:16:44,506 INFO POST /api/scheme/apply 422 0.6 мс
2026-10-03 04:16:44,506 INFO неверный запрос /api/scheme/apply: Трансформатор: ступень ПБВ должна быть от −1 до +1
2026-10-03 04:16:44,506 INFO POST /api/scheme/apply 422 0.6 мс
2026-10-03 04:16:44,515 INFO отказ /api/scheme/apply: Схема не передана
2026-10-03 04:16:44,515 INFO POST /api/scheme/apply 409 1.1 мс
2026-10-03 04:16:44,515 INFO POST /api/scheme/apply 200 1.4 мс
2026-10-03 04:16:44,523 INFO POST /api/exchange/export 200 1.7 мс
2026-10-03 04:16:44,525 INFO POST /api/exchange/import 200 1.1 мс
2026-10-03 04:16:44,538 INFO POST /api/exchange/import 200 8.1 мс
2026-10-03 04:16:44,545 INFO POST /api/exchange/export 200 5.3 мс
2026-10-03 04:16:44,556 INFO POST /api/exchange/import 200 11.1 мс
2026-10-03 04:16:44,574 INFO POST /api/exchange/export 200 7.2 мс
2026-10-03 04:16:44,586 INFO POST /api/exchange/import 200 6.9 мс
2026-10-03 04:16:44,595 INFO POST /api/exchange/export 200 4.7 мс
2026-10-03 04:16:44,608 INFO POST /api/exchange/import 200 9.7 мс
2026-10-03 04:16:44,621 INFO POST /api/exchange/export 200 6.5 мс
2026-10-03 04:16:44,628 INFO POST /api/exchange/import 200 5.9 мс
2026-10-03 04:16:44,639 INFO POST /api/exchange/export 200 4.0 мс
2026-10-03 04:16:44,648 INFO POST /api/exchange/import 200 5.3 мс
2026-10-03 04:16:44,656 INFO POST /api/exchange/export 200 3.9 мс
2026-10-03 04:16:44,669 INFO POST /api/exchange/import 200 9.4 мс
2026-10-03 04:16:44,679 INFO POST /api/exchange/export 200 6.7 мс
2026-10-03 04:16:44,690 INFO POST /api/exchange/import 200 6.3 мс
2026-10-03 04:16:44,700 INFO POST /api/exchange/export 200 4.1 мс
2026-10-03 04:16:44,706 INFO POST /api/exchange/import 200 3.3 мс
2026-10-03 04:16:44,710 INFO POST /api/exchange/export 200 2.4 мс
2026-10-03 04:16:44,722 INFO POST /api/exchange/import 200 8.7 мс
2026-10-03 04:16:44,730 INFO POST /api/exchange/export 200 5.4 мс
2026-10-03 04:16:44,740 INFO POST /api/exchange/import 200 5.2 мс
2026-10-03 04:16:44,750 INFO POST /api/exchange/export 200 3.5 мс
2026-10-03 04:16:44,760 INFO POST /api/exchange/import 200 8.2 мс
2026-10-03 04:16:44,771 INFO POST /api/exchange/export 200 5.3 мс
2026-10-03 04:16:44,780 INFO POST /api/exchange/import 200 5.0 мс
2026-10-03 04:16:44,789 INFO POST /api/exchange/export 200 3.5 мс
2026-10-03 04:16:44,799 INFO POST /api/exchange/import 200 6.0 мс
2026-10-03 04:16:44,809 INFO POST /api/exchange/export 200 5.5 мс
2026-10-03 04:16:44,811 INFO POST /api/exchange/import 200 4.4 мс
2026-10-03 04:16:44,821 INFO POST /api/exchange/export 200 3.7 мс
2026-10-03 04:16:44,831 INFO POST /api/exchange/import 200 4.8 мс
2026-10-03 04:16:44,840 INFO POST /api/exchange/export 200 3.5 мс
2026-10-03 04:16:44,853 INFO POST /api/exchange/import 200 8.7 мс
2026-10-03 04:16:44,862 INFO POST /api/exchange/export 200 5.7 мс
2026-10-03 04:16:44,871 INFO POST /api/exchange/import 200 4.8 мс
2026-10-03 04:16:44,872 INFO POST /api/exchange/export 200 3.3 мс
2026-10-03 04:16:44,882 INFO POST /api/exchange/import 400 0.6 мс
2026-10-03 04:16:44,882 INFO POST /api/exchange/import 400 0.6 мс
2026-10-03 04:16:44,903 INFO POST /api/exchange/import 413 13.7 мс
2026-10-03 04:16:44,904 INFO POST /api/scheme/apply 200 1.5 мс
2026-10-03 04:16:44,911 INFO POST /api/exchange/export 200 1.1 мс
2026-10-03 04:16:44,933 INFO GET /api/openapi.json 200 18.9 мс
2026-10-03 04:16:44,975 INFO POST /api/calc 200 26.6 мс
2026-10-03 04:16:44,985 INFO POST /api/scheme/apply 200 1.9 мс
2026-10-03 04:16:44,987 INFO отказ /api/calc: В схеме отсутствуют потребители! Расчёт не запущен!
2026-10-03 04:16:44,987 INFO POST /api/calc 409 1.3 мс
2026-10-03 04:16:45,003 INFO неверный запрос /api/calc: Period: недопустимое значение
2026-10-03 04:16:45,003 INFO POST /api/calc 422 3.7 мс
2026-10-03 04:16:45,015 INFO отказ /api/calc: В схеме отсутствуют ЛЭП! Расчёт не запущен!
2026-10-03 04:16:45,015 INFO POST /api/calc 409 3.0 мс
2026-10-03 04:16:45,025 INFO отказ /api/calc: В схеме имеются ЛЭП нулевой длины! Расчёт не запущен!
2026-10-03 04:16:45,025 INFO POST /api/calc 409 4.7 мс
2026-10-03 04:16:45,037 INFO POST /api/calc 200 4.2 мс
2026-10-03 04:16:45,064 INFO POST /api/calc 200 17.8 мс
2026-10-03 04:16:45,069 INFO GET /api/catalog/mark 200 1.6 мс
2026-10-03 04:16:45,076 INFO GET /api/catalog/mark 200 1.0 мс
2026-10-03 04:16:45,076 INFO GET /api/catalog/mark 200 1.2 мс
2026-10-03 04:16:45,096 INFO POST /api/scheme/apply 200 2.7 мс
2026-10-03 04:16:45,096 INFO неверный запрос /api/exchange/export: Опора № 1, надпись: текст не должен содержать переводов строки и служебных символов
2026-10-03 04:16:45,096 INFO POST /api/exchange/export 422 1.0 мс
2026-10-03 04:16:45,107 INFO POST /api/scheme/apply 200 2.0 мс
2026-10-03 04:16:45,107 INFO неверный запрос /api/exchange/export: Опора № 1, надпись: текст не должен содержать переводов строки и служебных символов
2026-10-03 04:16:45,107 INFO POST /api/exchange/export 422 0.7 мс
2026-10-03 04:16:45,117 INFO POST /api/scheme/apply 200 1.9 мс
2026-10-03 04:16:45,121 INFO неверный запрос /api/exchange/export: Опора № 1, надпись: текст не должен содержать переводов строки и служебных символов
2026-10-03 04:16:45,121 INFO POST /api/exchange/export 422 0.7 мс
2026-10-03 04:16:45,125 INFO POST /api/scheme/apply 200 1.7 мс
2026-10-03 04:16:45,127 INFO неверный запрос /api/exchange/export: Опора № 1, надпись: символ «≤» нельзя сохранить в файл .cir
2026-10-03 04:16:45,127 INFO POST /api/exchange/export 422 0.7 мс
2026-10-03 04:16:45,127 INFO POST /api/scheme/apply 200 1.7 мс
2026-10-03 04:16:45,137 INFO неверный запрос /api/exchange/export: Опора № 1, надпись: символ «中» нельзя сохранить в файл .cir
2026-10-03 04:16:45,137 INFO POST /api/exchange/export 422 0.7 мс
2026-10-03 04:16:45,137 INFO POST /api/scheme/apply 200 1.9 мс
2026-10-03 04:16:45,145 INFO неверный запрос /api/scheme/apply: Потребитель, тип потребителя: недопустимое значение
2026-10-03 04:16:45,145 INFO POST /api/scheme/apply 422 0.7 мс
2026-10-03 04:16:45,147 INFO POST /api/scheme/apply 200 1.7 мс
2026-10-03 04:16:45,152 INFO неверный запрос /api/scheme/apply: Опора № 1, количество ответвлений: должно быть не больше 100
2026-10-03 04:16:45,152 INFO POST /api/scheme/apply 422 0.7 мс
2026-10-03 04:16:45,157 INFO POST /api/scheme/apply 200 1.7 мс
2026-10-03 04:16:45,178 INFO неверный запрос /api/exchange/export: Lines: слишком много элементов (не более 1200)
2026-10-03 04:16:45,178 INFO POST /api/exchange/export 422 10.9 мс
2026-10-03 04:16:45,208 INFO POST /api/exchange/import 400 19.7 мс
2026-10-03 04:16:45,216 INFO POST /api/scheme/apply 200 1.9 мс
2026-10-03 04:16:45,219 INFO неверный запрос /api/exchange/export: ЛЭП № 1, длина: должно быть конечным числом
2026-10-03 04:16:45,219 INFO POST /api/exchange/export 422 0.7 мс
2026-10-03 04:16:45,219 INFO неверный запрос /api/scheme/apply: ЛЭП, длина: должно быть числом
2026-10-03 04:16:45,219 INFO POST /api/scheme/apply 422 0.8 мс
2026-10-03 04:16:45,226 INFO POST /api/scheme/apply 200 1.5 мс
2026-10-03 04:16:45,228 INFO POST /api/exchange/export 200 1.0 мс
2026-10-03 04:16:45,236 INFO POST /api/scheme/form 200 2.2 мс
2026-10-03 04:16:45,241 INFO POST /api/scheme/apply 200 1.5 мс
2026-10-03 04:16:45,241 INFO POST /api/scheme/apply 200 1.9 мс
2026-10-03 04:16:45,247 INFO POST /api/scheme/form 200 1.1 мс
2026-10-03 04:16:45,251 INFO GET /api/scheme/titles 200 0.7 мс
2026-10-03 04:16:45,252 INFO POST /api/scheme/apply 200 1.5 мс
2026-10-03 04:16:45,259 INFO POST /api/scheme/menu 200 1.4 мс
2026-10-03 04:16:45,259 INFO POST /api/scheme/apply 200 1.4 мс
2026-10-03 04:16:45,267 INFO POST /api/scheme/apply 200 2.0 мс
2026-10-03 04:16:45,279 INFO POST /api/exchange/import 200 11.5 мс
2026-10-03 04:16:45,302 INFO POST /api/scheme/apply 200 15.0 мс
2026-10-03 04:16:45,317 INFO POST /api/exchange/export 200 7.1 мс
2026-10-03 04:16:45,329 INFO POST /api/exchange/import 200 6.9 мс
2026-10-03 04:16:45,370 INFO POST /api/scheme/apply 200 38.4 мс
2026-10-03 04:16:45,380 INFO POST /api/exchange/export 200 4.9 мс
2026-10-03 04:16:45,398 INFO POST /api/exchange/import 200 10.2 мс
2026-10-03 04:16:45,417 INFO POST /api/scheme/apply 200 13.7 мс
2026-10-03 04:16:45,429 INFO POST /api/exchange/export 200 6.8 мс
2026-10-03 04:16:45,441 INFO POST /api/exchange/import 413 0.0 мс
2026-10-03 04:22:38,942 INFO GET /api/scheme/titles 200 1.0 мс
2026-10-03 04:22:39,040 INFO GET /api/catalog 200 59.9 мс
2026-10-03 04:22:39,594 INFO GET /api/scheme/titles 200 0.8 мс
2026-10-03 04:22:39,612 INFO GET /api/catalog 200 13.2 мс
2026-10-03 04:22:39,670 INFO POST /api/scheme/form 200 3.4 мс
2026-10-03 04:22:39,688 INFO GET /api/catalog/mark 200 1.2 мс
2026-10-03 04:22:39,809 INFO POST /api/scheme/apply 200 4.2 мс
2026-10-03 04:22:40,407 INFO GET /api/scheme/titles 200 0.9 мс
2026-10-03 04:22:40,424 INFO GET /api/catalog 200 13.4 мс
2026-10-03 04:22:40,494 INFO POST /api/scheme/form 200 1.5 мс
2026-10-03 04:22:40,509 INFO GET /api/catalog/mark 200 1.0 мс
2026-10-03 04:22:40,752 INFO POST /api/scheme/apply 200 2.2 мс
2026-10-03 04:22:40,919 INFO GET /api/catalog/mark 200 0.9 мс
2026-10-03 04:22:41,224 INFO POST /api/scheme/menu 200 3.0 мс
2026-10-03 04:22:41,256 INFO POST /api/scheme/form 200 1.3 мс
2026-10-03 04:22:41,268 INFO GET /api/catalog/mark 200 1.1 мс
2026-10-03 04:22:41,300 INFO GET /api/catalog/mark 200 0.8 мс
2026-10-03 04:22:41,461 INFO POST /api/scheme/apply 200 2.8 мс
2026-10-03 04:22:41,564 INFO GET /api/catalog/mark 200 1.3 мс
2026-10-03 04:22:41,924 INFO POST /api/scheme/menu 200 1.9 мс
2026-10-03 04:22:41,954 INFO POST /api/scheme/form 200 1.4 мс
2026-10-03 04:22:41,964 INFO GET /api/catalog/mark 200 0.8 мс
2026-10-03 04:22:41,995 INFO GET /api/catalog/mark 200 0.9 мс
2026-10-03 04:22:42,140 INFO POST /api/scheme/apply 200 2.4 мс
2026-10-03 04:22:42,265 INFO GET /api/catalog/mark 200 1.6 мс
2026-10-03 04:22:42,608 INFO POST /api/scheme/menu 200 2.0 мс
2026-10-03 04:22:42,646 INFO POST /api/scheme/form 200 1.5 мс
2026-10-03 04:22:42,654 INFO GET /api/catalog/mark 200 1.2 мс
2026-10-03 04:22:42,786 INFO POST /api/scheme/apply 200 3.6 мс
2026-10-03 04:22:42,793 INFO POST /api/scheme/menu 200 2.1 мс
2026-10-03 04:22:42,947 INFO GET /api/catalog/mark 200 0.7 мс
2026-10-03 04:22:43,251 INFO POST /api/scheme/menu 200 2.0 мс
2026-10-03 04:22:43,284 INFO POST /api/scheme/form 200 1.2 мс
2026-10-03 04:22:43,286 INFO GET /api/catalog/mark 200 0.9 мс
2026-10-03 04:22:43,320 INFO GET /api/catalog/mark 200 1.5 мс
2026-10-03 04:22:43,508 INFO POST /api/scheme/apply 200 4.1 мс
2026-10-03 04:22:43,597 INFO GET /api/catalog/mark 200 0.8 мс
2026-10-03 04:22:43,961 INFO POST /api/scheme/menu 200 3.5 мс
2026-10-03 04:22:43,994 INFO POST /api/scheme/form 200 1.7 мс
2026-10-03 04:22:44,001 INFO GET /api/catalog/mark 200 1.4 мс
2026-10-03 04:22:44,141 INFO POST /api/scheme/apply 200 4.0 мс
2026-10-03 04:22:44,150 INFO POST /api/scheme/menu 200 2.9 мс
2026-10-03 04:22:44,300 INFO GET /api/catalog/mark 200 0.9 мс
2026-10-03 04:22:44,607 INFO POST /api/scheme/menu 200 2.2 мс
2026-10-03 04:22:44,638 INFO POST /api/scheme/form 200 1.6 мс
2026-10-03 04:22:44,641 INFO GET /api/catalog/mark 200 1.0 мс
2026-10-03 04:22:44,822 INFO POST /api/scheme/apply 200 3.9 мс
2026-10-03 04:22:44,944 INFO GET /api/catalog/mark 200 1.2 мс
2026-10-03 04:22:45,296 INFO POST /api/scheme/menu 200 2.3 мс
2026-10-03 04:22:45,325 INFO POST /api/scheme/form 200 1.5 мс
2026-10-03 04:22:45,334 INFO GET /api/catalog/mark 200 1.3 мс
2026-10-03 04:22:45,529 INFO POST /api/scheme/apply 200 5.2 мс
2026-10-03 04:22:45,635 INFO GET /api/catalog/mark 200 0.8 мс
2026-10-03 04:22:46,084 INFO POST /api/exchange/export 200 2.1 мс
2026-10-03 04:22:46,421 INFO GET /api/scheme/titles 200 1.0 мс
2026-10-03 04:22:46,438 INFO GET /api/catalog 200 14.0 мс
2026-10-03 04:22:46,507 INFO POST /api/scheme/form 200 1.3 мс
2026-10-03 04:22:46,523 INFO GET /api/catalog/mark 200 1.1 мс
2026-10-03 04:22:46,759 INFO POST /api/scheme/apply 200 2.8 мс
2026-10-03 04:22:46,920 INFO GET /api/catalog/mark 200 0.8 мс
2026-10-03 04:22:47,244 INFO POST /api/scheme/menu 200 2.8 мс
2026-10-03 04:22:47,273 INFO POST /api/scheme/form 200 1.3 мс
2026-10-03 04:22:47,286 INFO GET /api/catalog/mark 200 0.9 мс
2026-10-03 04:22:47,324 INFO GET /api/catalog/mark 200 1.0 мс
2026-10-03 04:22:47,473 INFO POST /api/scheme/apply 200 2.1 мс
2026-10-03 04:22:47,590 INFO GET /api/catalog/mark 200 1.2 мс
2026-10-03 04:22:47,938 INFO POST /api/scheme/menu 200 2.1 мс
2026-10-03 04:22:47,971 INFO POST /api/scheme/form 200 1.2 мс
2026-10-03 04:22:47,975 INFO GET /api/catalog/mark 200 0.7 мс
2026-10-03 04:22:48,011 INFO GET /api/catalog/mark 200 0.8 мс
2026-10-03 04:22:48,169 INFO POST /api/scheme/apply 200 3.8 мс
2026-10-03 04:22:48,276 INFO GET /api/catalog/mark 200 1.1 мс
2026-10-03 04:22:48,628 INFO POST /api/scheme/menu 200 2.0 мс
2026-10-03 04:22:48,655 INFO POST /api/scheme/form 200 1.4 мс
2026-10-03 04:22:48,666 INFO GET /api/catalog/mark 200 0.9 мс
2026-10-03 04:22:48,792 INFO POST /api/scheme/apply 200 2.5 мс
2026-10-03 04:22:48,799 INFO POST /api/scheme/menu 200 2.0 мс
2026-10-03 04:22:48,955 INFO GET /api/catalog/mark 200 0.9 мс
2026-10-03 04:22:49,258 INFO POST /api/scheme/menu 200 1.9 мс
2026-10-03 04:22:49,297 INFO POST /api/scheme/form 200 1.3 мс
2026-10-03 04:22:49,301 INFO GET /api/catalog/mark 200 0.9 мс
2026-10-03 04:22:49,337 INFO GET /api/catalog/mark 200 1.6 мс
2026-10-03 04:22:49,481 INFO POST /api/scheme/apply 200 3.1 мс
2026-10-03 04:22:49,596 INFO GET /api/catalog/mark 200 0.8 мс
2026-10-03 04:22:49,945 INFO POST /api/scheme/menu 200 3.0 мс
2026-10-03 04:22:49,978 INFO POST /api/scheme/form 200 1.4 мс
2026-10-03 04:22:49,987 INFO GET /api/catalog/mark 200 1.3 мс
2026-10-03 04:22:50,119 INFO POST /api/scheme/apply 200 3.1 мс
2026-10-03 04:22:50,120 INFO POST /api/scheme/menu 200 1.7 мс
2026-10-03 04:22:50,282 INFO GET /api/catalog/mark 200 0.8 мс
2026-10-03 04:22:50,599 INFO POST /api/scheme/menu 200 2.4 мс
2026-10-03 04:22:50,633 INFO POST /api/scheme/form 200 2.3 мс
2026-10-03 04:22:50,639 INFO GET /api/catalog/mark 200 1.0 мс
2026-10-03 04:22:50,821 INFO POST /api/scheme/apply 200 3.3 мс
2026-10-03 04:22:50,939 INFO GET /api/catalog/mark 200 1.0 мс
2026-10-03 04:22:51,276 INFO POST /api/scheme/menu 200 3.0 мс
2026-10-03 04:22:51,306 INFO POST /api/scheme/form 200 1.7 мс
2026-10-03 04:22:51,313 INFO GET /api/catalog/mark 200 1.0 мс
2026-10-03 04:22:51,496 INFO POST /api/scheme/apply 200 4.6 мс
2026-10-03 04:22:51,599 INFO GET /api/catalog/mark 200 0.9 мс
2026-10-03 04:22:51,785 INFO POST /api/scheme/form 200 1.5 мс
2026-10-03 04:22:51,786 INFO GET /api/catalog/mark 200 0.7 мс
2026-10-03 04:22:51,911 INFO POST /api/scheme/apply 200 4.1 мс
2026-10-03 04:22:51,919 INFO POST /api/scheme/menu 200 2.6 мс
2026-10-03 04:22:52,079 INFO GET /api/catalog/mark 200 0.9 мс
2026-10-03 04:22:52,377 INFO POST /api/scheme/menu 200 3.5 мс
2026-10-03 04:22:52,410 INFO POST /api/scheme/form 200 2.1 мс
2026-10-03 04:22:52,417 INFO GET /api/catalog/mark 200 1.1 мс
2026-10-03 04:22:52,608 INFO POST /api/scheme/apply 200 5.1 мс
2026-10-03 04:22:52,720 INFO GET /api/catalog/mark 200 1.0 мс
2026-10-03 04:22:53,084 INFO POST /api/scheme/menu 200 2.8 мс
2026-10-03 04:22:53,117 INFO POST /api/scheme/form 200 1.6 мс
2026-10-03 04:22:53,122 INFO GET /api/catalog/mark 200 0.8 мс
2026-10-03 04:22:53,245 INFO POST /api/scheme/apply 200 4.0 мс
2026-10-03 04:22:53,252 INFO POST /api/scheme/menu 200 2.4 мс
2026-10-03 04:22:53,412 INFO GET /api/catalog/mark 200 0.9 мс
2026-10-03 04:22:53,721 INFO POST /api/scheme/menu 200 3.9 мс
2026-10-03 04:22:53,759 INFO POST /api/scheme/form 200 2.3 мс
2026-10-03 04:22:53,766 INFO GET /api/catalog/mark 200 1.2 мс
2026-10-03 04:22:53,921 INFO POST /api/scheme/apply 200 5.7 мс
2026-10-03 04:22:53,930 INFO POST /api/scheme/menu 200 3.7 мс
2026-10-03 04:22:54,058 INFO GET /api/catalog/mark 200 0.8 мс
2026-10-03 04:22:54,390 INFO POST /api/scheme/menu 200 2.9 мс
2026-10-03 04:22:54,422 INFO POST /api/scheme/form 200 1.5 мс
2026-10-03 04:22:54,426 INFO GET /api/catalog/mark 200 0.8 мс
2026-10-03 04:22:54,550 INFO POST /api/scheme/apply 200 4.9 мс
2026-10-03 04:22:54,559 INFO POST /api/scheme/menu 200 2.7 мс
2026-10-03 04:22:54,717 INFO GET /api/catalog/mark 200 0.9 мс
2026-10-03 04:22:55,252 INFO POST /api/scheme/apply 200 4.1 мс
2026-10-03 04:22:55,262 INFO POST /api/scheme/menu 200 3.4 мс
2026-10-03 04:22:55,592 INFO POST /api/scheme/menu 200 4.0 мс
2026-10-03 04:22:55,632 INFO POST /api/scheme/form 200 1.6 мс
2026-10-03 04:22:55,634 INFO GET /api/catalog/mark 200 0.9 мс
2026-10-03 04:22:55,821 INFO POST /api/scheme/apply 200 4.7 мс
2026-10-03 04:22:55,931 INFO GET /api/catalog/mark 200 1.0 мс
2026-10-03 04:22:56,501 INFO POST /api/scheme/apply 200 4.2 мс
2026-10-03 04:22:56,509 INFO POST /api/scheme/menu 200 3.6 мс
2026-10-03 04:22:56,913 INFO POST /api/exchange/export 200 1.9 мс
2026-10-03 04:22:57,201 INFO GET /api/scheme/titles 200 0.8 мс
2026-10-03 04:22:57,219 INFO GET /api/catalog 200 13.9 мс
2026-10-03 04:22:57,285 INFO POST /api/scheme/form 200 1.6 мс
2026-10-03 04:22:57,303 INFO GET /api/catalog/mark 200 1.0 мс
2026-10-03 04:22:57,543 INFO POST /api/scheme/apply 200 2.2 мс
2026-10-03 04:22:57,704 INFO GET /api/catalog/mark 200 0.8 мс
2026-10-03 04:22:58,015 INFO POST /api/scheme/menu 200 1.9 мс
2026-10-03 04:22:58,049 INFO POST /api/scheme/form 200 2.0 мс
2026-10-03 04:22:58,056 INFO GET /api/catalog/mark 200 1.1 мс
2026-10-03 04:22:58,093 INFO GET /api/catalog/mark 200 1.1 мс
2026-10-03 04:22:58,251 INFO POST /api/scheme/apply 200 2.2 мс
2026-10-03 04:22:58,362 INFO GET /api/catalog/mark 200 1.0 мс
2026-10-03 04:22:58,708 INFO POST /api/scheme/menu 200 1.8 мс
2026-10-03 04:22:58,740 INFO POST /api/scheme/form 200 1.4 мс
2026-10-03 04:22:58,747 INFO GET /api/catalog/mark 200 0.9 мс
2026-10-03 04:22:58,780 INFO GET /api/catalog/mark 200 0.8 мс
2026-10-03 04:22:58,924 INFO POST /api/scheme/apply 200 2.3 мс
2026-10-03 04:22:59,050 INFO GET /api/catalog/mark 200 1.0 мс
2026-10-03 04:22:59,404 INFO POST /api/scheme/menu 200 2.6 мс
2026-10-03 04:22:59,438 INFO POST /api/scheme/form 200 1.5 мс
2026-10-03 04:22:59,441 INFO GET /api/catalog/mark 200 1.4 мс
2026-10-03 04:22:59,577 INFO POST /api/scheme/apply 200 3.3 мс
2026-10-03 04:22:59,584 INFO POST /api/scheme/menu 200 2.3 мс
2026-10-03 04:22:59,744 INFO GET /api/catalog/mark 200 0.9 мс
2026-10-03 04:23:00,049 INFO POST /api/scheme/menu 200 2.2 мс
2026-10-03 04:23:00,077 INFO POST /api/scheme/form 200 1.4 мс
2026-10-03 04:23:00,087 INFO GET /api/catalog/mark 200 0.9 мс
2026-10-03 04:23:00,119 INFO GET /api/catalog/mark 200 0.8 мс
2026-10-03 04:23:00,273 INFO POST /api/scheme/apply 200 3.7 мс
2026-10-03 04:23:00,393 INFO GET /api/catalog/mark 200 1.0 мс
2026-10-03 04:23:00,742 INFO POST /api/scheme/menu 200 3.0 мс
2026-10-03 04:23:00,774 INFO POST /api/scheme/form 200 1.9 мс
2026-10-03 04:23:00,782 INFO GET /api/catalog/mark 200 0.9 мс
2026-10-03 04:23:00,918 INFO POST /api/scheme/apply 200 3.7 мс
2026-10-03 04:23:00,925 INFO POST /api/scheme/menu 200 2.1 мс
2026-10-03 04:23:01,079 INFO GET /api/catalog/mark 200 0.8 мс
2026-10-03 04:23:01,386 INFO POST /api/scheme/menu 200 2.1 мс
2026-10-03 04:23:01,418 INFO POST /api/scheme/form 200 1.4 мс
2026-10-03 04:23:01,430 INFO GET /api/catalog/mark 200 1.0 мс
2026-10-03 04:23:01,599 INFO POST /api/scheme/apply 200 3.8 мс
2026-10-03 04:23:01,731 INFO GET /api/catalog/mark 200 1.0 мс
2026-10-03 04:23:02,072 INFO POST /api/scheme/menu 200 2.8 мс
2026-10-03 04:23:02,112 INFO POST /api/scheme/form 200 2.1 мс
2026-10-03 04:23:02,116 INFO GET /api/catalog/mark 200 0.9 мс
2026-10-03 04:23:02,316 INFO POST /api/scheme/apply 200 4.7 мс
2026-10-03 04:23:02,428 INFO GET /api/catalog/mark 200 0.8 мс
2026-10-03 04:23:03,022 INFO POST /api/scheme/apply 200 2.6 мс
2026-10-03 04:23:03,352 INFO GET /api/catalog/mark 200 1.2 мс
2026-10-03 04:23:03,550 INFO GET /api/catalog/mark 200 1.1 мс
2026-10-03 04:23:03,619 INFO POST /api/scheme/apply 200 3.1 мс
2026-10-03 04:23:03,629 INFO GET /api/catalog/mark 200 1.1 мс
2026-10-03 04:23:03,949 INFO GET /api/catalog/mark 200 1.0 мс
2026-10-03 04:23:04,140 INFO GET /api/catalog/mark 200 0.7 мс
2026-10-03 04:23:04,180 INFO POST /api/scheme/apply 200 2.1 мс
2026-10-03 04:23:04,186 INFO GET /api/catalog/mark 200 0.9 мс
2026-10-03 04:23:04,511 INFO GET /api/catalog/mark 200 1.0 мс
2026-10-03 04:23:04,737 INFO POST /api/scheme/apply 200 2.2 мс
2026-10-03 04:23:04,745 INFO GET /api/catalog/mark 200 2.6 мс
2026-10-03 04:23:05,284 INFO POST /api/scheme/apply 200 2.0 мс
2026-10-03 04:23:05,847 INFO POST /api/scheme/apply 200 2.2 мс
2026-10-03 04:23:06,382 INFO POST /api/scheme/apply 200 2.2 мс
2026-10-03 04:23:06,716 INFO POST /api/scheme/menu 200 2.4 мс
2026-10-03 04:23:06,750 INFO POST /api/scheme/form 200 1.6 мс
2026-10-03 04:23:06,752 INFO GET /api/catalog/mark 200 0.8 мс
2026-10-03 04:23:06,800 INFO POST /api/scheme/apply 200 3.8 мс
2026-10-03 04:23:06,808 INFO POST /api/scheme/menu 200 2.3 мс
2026-10-03 04:23:07,271 INFO POST /api/scheme/menu 200 2.6 мс
2026-10-03 04:23:07,300 INFO POST /api/scheme/form 200 1.6 мс
2026-10-03 04:23:07,309 INFO GET /api/catalog/mark 200 0.9 мс
2026-10-03 04:23:07,349 INFO POST /api/scheme/apply 200 3.7 мс
2026-10-03 04:23:07,882 INFO POST /api/exchange/export 200 1.9 мс
2026-10-03 04:23:08,188 INFO GET /api/scheme/titles 200 1.0 мс
2026-10-03 04:23:08,205 INFO GET /api/catalog 200 14.0 мс
2026-10-03 04:23:08,265 INFO POST /api/scheme/form 200 1.3 мс
2026-10-03 04:23:08,280 INFO GET /api/catalog/mark 200 0.9 мс
2026-10-03 04:23:08,314 INFO POST /api/scheme/apply 200 2.2 мс
2026-10-03 04:23:08,792 INFO POST /api/scheme/menu 200 1.5 мс
2026-10-03 04:23:08,824 INFO POST /api/scheme/form 200 1.2 мс
2026-10-03 04:23:08,834 INFO GET /api/catalog/mark 200 0.9 мс
2026-10-03 04:23:08,868 INFO POST /api/scheme/apply 200 2.2 мс
2026-10-03 04:23:09,337 INFO POST /api/scheme/menu 200 2.1 мс
2026-10-03 04:23:09,374 INFO POST /api/scheme/form 200 1.5 мс
2026-10-03 04:23:09,381 INFO GET /api/catalog/mark 200 0.8 мс
2026-10-03 04:23:09,417 INFO POST /api/scheme/apply 200 2.4 мс
2026-10-03 04:23:09,422 INFO POST /api/scheme/menu 200 1.7 мс
2026-10-03 04:23:09,711 INFO POST /api/scheme/form 200 1.7 мс
2026-10-03 04:23:09,719 INFO GET /api/catalog/mark 200 0.8 мс
2026-10-03 04:23:09,757 INFO POST /api/scheme/apply 200 2.6 мс
2026-10-03 04:23:09,761 INFO POST /api/scheme/menu 200 1.5 мс
2026-10-03 04:23:10,216 INFO POST /api/scheme/menu 200 1.8 мс
2026-10-03 04:23:10,249 INFO POST /api/scheme/form 200 1.3 мс
2026-10-03 04:23:10,257 INFO GET /api/catalog/mark 200 0.9 мс
2026-10-03 04:23:10,292 INFO POST /api/scheme/apply 200 2.6 мс
2026-10-03 04:23:10,298 INFO POST /api/scheme/menu 200 1.7 мс
2026-10-03 04:23:10,839 INFO POST /api/exchange/export 200 1.3 мс
2026-10-03 04:23:11,135 INFO GET /api/scheme/titles 200 0.9 мс
2026-10-03 04:23:11,153 INFO GET /api/catalog 200 14.4 мс
2026-10-03 04:23:11,209 INFO POST /api/scheme/form 200 1.5 мс
2026-10-03 04:23:11,224 INFO GET /api/catalog/mark 200 1.1 мс
2026-10-03 04:23:11,452 INFO POST /api/scheme/apply 200 2.0 мс
2026-10-03 04:23:11,619 INFO GET /api/catalog/mark 200 0.9 мс
2026-10-03 04:23:11,917 INFO POST /api/scheme/menu 200 1.7 мс
2026-10-03 04:23:11,952 INFO POST /api/scheme/form 200 1.7 мс
2026-10-03 04:23:11,959 INFO GET /api/catalog/mark 200 1.4 мс
2026-10-03 04:23:12,001 INFO POST /api/scheme/apply 200 2.9 мс
2026-10-03 04:23:12,001 INFO POST /api/scheme/menu 200 1.8 мс
2026-10-03 04:23:12,466 INFO POST /api/scheme/menu 200 1.7 мс
2026-10-03 04:23:12,498 INFO POST /api/scheme/form 200 1.4 мс
2026-10-03 04:23:12,508 INFO GET /api/catalog/mark 200 0.9 мс
2026-10-03 04:23:12,538 INFO GET /api/catalog/mark 200 0.7 мс
2026-10-03 04:23:12,584 INFO POST /api/scheme/apply 200 2.8 мс
2026-10-03 04:23:13,050 INFO POST /api/scheme/menu 200 1.9 мс
2026-10-03 04:23:13,078 INFO POST /api/scheme/form 200 1.5 мс
2026-10-03 04:23:13,089 INFO GET /api/catalog/mark 200 0.8 мс
2026-10-03 04:23:13,119 INFO POST /api/scheme/apply 200 2.8 мс
2026-10-03 04:23:13,644 INFO POST /api/exchange/export 200 1.2 мс
2026-10-03 04:23:13,938 INFO GET /api/scheme/titles 200 0.7 мс
2026-10-03 04:23:13,959 INFO GET /api/catalog 200 17.3 мс
2026-10-03 04:23:14,013 INFO POST /api/scheme/form 200 1.3 мс
2026-10-03 04:23:14,029 INFO GET /api/catalog/mark 200 1.0 мс
2026-10-03 04:23:14,265 INFO POST /api/scheme/apply 200 1.9 мс
2026-10-03 04:23:14,424 INFO GET /api/catalog/mark 200 1.0 мс
2026-10-03 04:23:14,737 INFO POST /api/scheme/menu 200 2.1 мс
2026-10-03 04:23:14,766 INFO POST /api/scheme/form 200 1.9 мс
2026-10-03 04:23:14,777 INFO GET /api/catalog/mark 200 0.9 мс
2026-10-03 04:23:14,911 INFO POST /api/scheme/apply 200 2.6 мс
2026-10-03 04:23:14,917 INFO POST /api/scheme/menu 200 2.0 мс
2026-10-03 04:23:15,071 INFO GET /api/catalog/mark 200 0.9 мс
2026-10-03 04:23:15,215 INFO POST /api/scheme/undo 200 2.3 мс
2026-10-03 04:23:15,562 INFO POST /api/scheme/menu 200 2.1 мс
2026-10-03 04:23:15,596 INFO POST /api/scheme/form 200 1.1 мс
2026-10-03 04:23:15,647 INFO POST /api/scheme/apply 200 2.0 мс
2026-10-03 04:23:15,656 INFO POST /api/scheme/menu 200 1.5 мс
2026-10-03 04:23:16,126 INFO POST /api/scheme/menu 200 2.1 мс
2026-10-03 04:23:16,161 INFO POST /api/scheme/form 200 1.9 мс
2026-10-03 04:23:16,171 INFO GET /api/catalog/mark 200 1.1 мс
2026-10-03 04:23:16,203 INFO GET /api/catalog/mark 200 1.2 мс
2026-10-03 04:23:16,361 INFO POST /api/scheme/apply 200 2.7 мс
2026-10-03 04:23:16,469 INFO GET /api/catalog/mark 200 0.9 мс
2026-10-03 04:23:17,037 INFO POST /api/scheme/apply 200 1.6 мс
2026-10-03 04:23:17,043 INFO POST /api/scheme/menu 200 2.0 мс
2026-10-03 04:23:17,202 INFO POST /api/scheme/undo 200 1.7 мс
2026-10-03 04:23:17,794 INFO POST /api/scheme/apply 200 2.3 мс
2026-10-03 04:23:17,801 INFO POST /api/scheme/menu 200 2.1 мс
2026-10-03 04:23:18,131 INFO POST /api/scheme/menu 200 1.8 мс
2026-10-03 04:23:18,166 INFO POST /api/scheme/form 200 1.7 мс
2026-10-03 04:23:18,172 INFO GET /api/catalog/mark 200 0.8 мс
2026-10-03 04:23:18,203 INFO GET /api/catalog/mark 200 0.9 мс
2026-10-03 04:23:18,348 INFO POST /api/scheme/apply 200 2.7 мс
2026-10-03 04:23:18,479 INFO GET /api/catalog/mark 200 0.9 мс
2026-10-03 04:23:18,638 INFO POST /api/scheme/undo 200 1.9 мс
2026-10-03 04:23:18,832 INFO POST /api/scheme/undo 200 2.0 мс
2026-10-03 04:23:19,263 INFO POST /api/exchange/export 200 1.3 мс
2026-10-03 04:23:19,557 INFO GET /api/scheme/titles 200 0.9 мс
2026-10-03 04:23:19,577 INFO GET /api/catalog 200 16.3 мс
2026-10-03 04:23:19,632 INFO POST /api/scheme/form 200 1.3 мс
2026-10-03 04:23:19,647 INFO GET /api/catalog/mark 200 1.0 мс
2026-10-03 04:23:19,883 INFO POST /api/scheme/apply 200 2.2 мс
2026-10-03 04:23:20,044 INFO GET /api/catalog/mark 200 0.9 мс
2026-10-03 04:23:20,181 INFO POST /api/scheme/form 200 1.6 мс
2026-10-03 04:23:20,181 INFO GET /api/catalog/mark 200 1.2 мс
2026-10-03 04:23:20,362 INFO POST /api/scheme/apply 200 2.7 мс
2026-10-03 04:23:20,368 INFO POST /api/scheme/menu 200 1.6 мс
2026-10-03 04:23:20,487 INFO GET /api/catalog/mark 200 1.3 мс
2026-10-03 04:23:20,666 INFO POST /api/scheme/undo 200 1.7 мс
2026-10-03 04:23:21,015 INFO POST /api/scheme/menu 200 2.0 мс
2026-10-03 04:23:21,046 INFO POST /api/scheme/form 200 1.8 мс
2026-10-03 04:23:21,097 INFO POST /api/scheme/apply 200 2.2 мс
2026-10-03 04:23:21,099 INFO POST /api/scheme/menu 200 1.6 мс
2026-10-03 04:23:21,401 INFO POST /api/scheme/form 200 1.7 мс
2026-10-03 04:23:21,404 INFO GET /api/catalog/mark 200 0.8 мс
2026-10-03 04:23:21,529 INFO POST /api/scheme/apply 200 2.7 мс
2026-10-03 04:23:21,536 INFO POST /api/scheme/menu 200 1.9 мс
2026-10-03 04:23:21,696 INFO GET /api/catalog/mark 200 1.2 мс
2026-10-03 04:23:22,061 INFO POST /api/exchange/export 200 1.5 мс
2026-10-03 04:23:22,355 INFO GET /api/scheme/titles 200 0.9 мс
2026-10-03 04:23:22,376 INFO GET /api/catalog 200 14.5 мс
2026-10-03 04:23:22,431 INFO POST /api/scheme/form 200 1.7 мс
2026-10-03 04:23:22,447 INFO GET /api/catalog/mark 200 0.8 мс
2026-10-03 04:23:22,674 INFO POST /api/scheme/apply 200 2.3 мс
2026-10-03 04:23:22,843 INFO GET /api/catalog/mark 200 0.9 мс
2026-10-03 04:23:22,980 INFO POST /api/scheme/undo 200 2.4 мс
2026-10-03 04:23:23,324 INFO POST /api/scheme/menu 200 1.7 мс
2026-10-03 04:23:23,360 INFO POST /api/scheme/form 200 1.8 мс
2026-10-03 04:23:23,409 INFO POST /api/scheme/apply 200 1.9 мс
2026-10-03 04:23:23,416 INFO POST /api/scheme/menu 200 1.4 мс
2026-10-03 04:23:23,706 INFO POST /api/scheme/form 200 1.1 мс
2026-10-03 04:23:23,710 INFO GET /api/catalog/mark 200 1.0 мс
2026-10-03 04:23:23,831 INFO POST /api/scheme/apply 200 2.2 мс
2026-10-03 04:23:23,836 INFO POST /api/scheme/menu 200 1.5 мс
2026-10-03 04:23:24,001 INFO GET /api/catalog/mark 200 1.0 мс
2026-10-03 04:23:24,300 INFO POST /api/scheme/menu 200 2.2 мс
2026-10-03 04:23:24,332 INFO POST /api/scheme/form 200 1.4 мс
2026-10-03 04:23:24,340 INFO GET /api/catalog/mark 200 1.4 мс
2026-10-03 04:23:24,473 INFO POST /api/scheme/apply 200 3.0 мс
2026-10-03 04:23:24,479 INFO POST /api/scheme/menu 200 1.9 мс
2026-10-03 04:23:24,640 INFO GET /api/catalog/mark 200 0.7 мс
2026-10-03 04:23:25,012 INFO POST /api/exchange/export 200 1.2 мс
2026-10-03 04:23:25,303 INFO GET /api/scheme/titles 200 0.9 мс
2026-10-03 04:23:25,320 INFO GET /api/catalog 200 14.7 мс
2026-10-03 04:23:25,375 INFO POST /api/scheme/form 200 1.3 мс
2026-10-03 04:23:25,395 INFO GET /api/catalog/mark 200 0.9 мс
2026-10-03 04:23:25,625 INFO POST /api/scheme/apply 200 2.1 мс
2026-10-03 04:23:25,787 INFO GET /api/catalog/mark 200 0.8 мс
2026-10-03 04:23:25,922 INFO POST /api/scheme/form 200 1.5 мс
2026-10-03 04:23:25,926 INFO GET /api/catalog/mark 200 1.3 мс
2026-10-03 04:23:26,068 INFO POST /api/scheme/apply 200 2.0 мс
2026-10-03 04:23:26,074 INFO POST /api/scheme/menu 200 1.6 мс
2026-10-03 04:23:26,231 INFO GET /api/catalog/mark 200 0.8 мс
2026-10-03 04:23:26,375 INFO POST /api/scheme/undo 200 1.5 мс
2026-10-03 04:23:26,568 INFO POST /api/scheme/undo 200 1.4 мс
2026-10-03 04:23:26,748 INFO POST /api/scheme/form 200 1.3 мс
2026-10-03 04:23:26,751 INFO GET /api/catalog/mark 200 0.9 мс
2026-10-03 04:23:26,872 INFO POST /api/scheme/apply 200 2.2 мс
2026-10-03 04:23:26,880 INFO POST /api/scheme/menu 200 1.7 мс
2026-10-03 04:23:27,043 INFO GET /api/catalog/mark 200 1.0 мс
2026-10-03 04:23:27,341 INFO POST /api/scheme/menu 200 2.5 мс
2026-10-03 04:23:27,370 INFO POST /api/scheme/form 200 1.6 мс
2026-10-03 04:23:27,381 INFO GET /api/catalog/mark 200 1.3 мс
2026-10-03 04:23:27,503 INFO POST /api/scheme/apply 200 2.5 мс
2026-10-03 04:23:27,511 INFO POST /api/scheme/menu 200 1.4 мс
2026-10-03 04:23:27,667 INFO GET /api/catalog/mark 200 1.0 мс
2026-10-03 04:23:28,036 INFO POST /api/exchange/export 200 1.2 мс
2026-10-03 04:23:28,334 INFO GET /api/scheme/titles 200 1.0 мс
2026-10-03 04:23:28,351 INFO GET /api/catalog 200 13.1 мс
2026-10-03 04:23:28,403 INFO POST /api/scheme/form 200 1.3 мс
2026-10-03 04:23:28,419 INFO GET /api/catalog/mark 200 1.1 мс
2026-10-03 04:23:28,674 INFO POST /api/scheme/apply 200 2.3 мс
2026-10-03 04:23:28,835 INFO GET /api/catalog/mark 200 0.9 мс
2026-10-03 04:23:28,970 INFO POST /api/scheme/form 200 1.5 мс
2026-10-03 04:23:28,976 INFO GET /api/catalog/mark 200 1.1 мс
2026-10-03 04:23:29,105 INFO POST /api/scheme/apply 200 2.1 мс
2026-10-03 04:23:29,107 INFO POST /api/scheme/menu 200 1.5 мс
2026-10-03 04:23:29,265 INFO GET /api/catalog/mark 200 0.8 мс
2026-10-03 04:23:29,790 INFO POST /api/scheme/apply 200 2.1 мс
2026-10-03 04:23:29,794 INFO POST /api/scheme/menu 200 2.4 мс
2026-10-03 04:23:30,132 INFO GET /api/catalog/mark 200 1.2 мс
2026-10-03 04:23:30,336 INFO POST /api/scheme/apply 200 1.7 мс
2026-10-03 04:23:30,493 INFO POST /api/scheme/undo 200 1.8 мс
2026-10-03 04:23:30,845 INFO POST /api/scheme/menu 200 1.6 мс
2026-10-03 04:23:30,880 INFO POST /api/scheme/form 200 1.7 мс
2026-10-03 04:23:30,925 INFO POST /api/scheme/apply 200 2.0 мс
2026-10-03 04:23:30,934 INFO POST /api/scheme/menu 200 1.6 мс
2026-10-03 04:23:31,225 INFO POST /api/scheme/form 200 1.2 мс
2026-10-03 04:23:31,235 INFO GET /api/catalog/mark 200 1.1 мс
2026-10-03 04:23:31,368 INFO POST /api/scheme/apply 200 2.3 мс
2026-10-03 04:23:31,371 INFO POST /api/scheme/menu 200 1.5 мс
2026-10-03 04:23:31,529 INFO GET /api/catalog/mark 200 1.0 мс
2026-10-03 04:23:31,923 INFO POST /api/exchange/export 200 1.3 мс
2026-10-03 04:23:32,221 INFO GET /api/scheme/titles 200 0.9 мс
2026-10-03 04:23:32,237 INFO GET /api/catalog 200 13.8 мс
2026-10-03 04:23:32,298 INFO POST /api/scheme/form 200 1.3 мс
2026-10-03 04:23:32,316 INFO GET /api/catalog/mark 200 1.1 мс
2026-10-03 04:23:32,549 INFO POST /api/scheme/apply 200 2.1 мс
2026-10-03 04:23:32,717 INFO GET /api/catalog/mark 200 1.2 мс
2026-10-03 04:23:32,846 INFO POST /api/scheme/form 200 1.5 мс
2026-10-03 04:23:32,852 INFO GET /api/catalog/mark 200 1.3 мс
2026-10-03 04:23:32,988 INFO POST /api/scheme/apply 200 3.6 мс
2026-10-03 04:23:32,997 INFO POST /api/scheme/menu 200 2.2 мс
2026-10-03 04:23:33,153 INFO GET /api/catalog/mark 200 0.9 мс
2026-10-03 04:23:33,445 INFO POST /api/scheme/menu 200 1.6 мс
2026-10-03 04:23:33,484 INFO POST /api/scheme/form 200 1.2 мс
2026-10-03 04:23:33,495 INFO GET /api/catalog/mark 200 1.1 мс
2026-10-03 04:23:33,525 INFO GET /api/catalog/mark 200 0.8 мс
2026-10-03 04:23:33,667 INFO POST /api/scheme/apply 200 2.7 мс
2026-10-03 04:23:33,795 INFO GET /api/catalog/mark 200 1.0 мс
2026-10-03 04:23:34,346 INFO POST /api/scheme/apply 200 2.0 мс
2026-10-03 04:23:34,353 INFO POST /api/scheme/menu 200 2.4 мс
2026-10-03 04:23:34,678 INFO GET /api/catalog/mark 200 1.1 мс
2026-10-03 04:23:34,884 INFO POST /api/scheme/apply 200 1.8 мс
2026-10-03 04:23:34,891 INFO POST /api/scheme/menu 200 2.6 мс
2026-10-03 04:23:35,214 INFO POST /api/scheme/menu 200 2.0 мс
2026-10-03 04:23:35,241 INFO POST /api/scheme/form 200 1.5 мс
2026-10-03 04:23:35,248 INFO GET /api/catalog/mark 200 0.8 мс
2026-10-03 04:23:35,368 INFO POST /api/scheme/apply 200 2.8 мс
2026-10-03 04:23:35,372 INFO POST /api/scheme/menu 200 1.6 мс
2026-10-03 04:23:35,536 INFO GET /api/catalog/mark 200 0.8 мс
2026-10-03 04:23:35,838 INFO POST /api/scheme/menu 200 2.0 мс
2026-10-03 04:23:35,872 INFO POST /api/scheme/form 200 1.2 мс
2026-10-03 04:23:35,879 INFO GET /api/catalog/mark 200 1.0 мс
2026-10-03 04:23:36,001 INFO POST /api/scheme/apply 200 3.8 мс
2026-10-03 04:23:36,008 INFO POST /api/scheme/menu 200 2.1 мс
2026-10-03 04:23:36,167 INFO GET /api/catalog/mark 200 0.9 мс
2026-10-03 04:23:36,676 INFO POST /api/scheme/apply 200 2.1 мс
2026-10-03 04:23:36,683 INFO POST /api/scheme/menu 200 2.5 мс
2026-10-03 04:23:37,004 INFO GET /api/catalog/mark 200 1.2 мс
2026-10-03 04:23:37,218 INFO POST /api/scheme/apply 200 2.1 мс
2026-10-03 04:23:37,225 INFO POST /api/scheme/menu 200 3.4 мс
2026-10-03 04:23:37,545 INFO POST /api/scheme/menu 200 2.0 мс
2026-10-03 04:23:37,576 INFO POST /api/scheme/form 200 1.8 мс
2026-10-03 04:23:37,582 INFO GET /api/catalog/mark 200 0.9 мс
2026-10-03 04:23:37,757 INFO POST /api/scheme/apply 200 2.7 мс
2026-10-03 04:23:37,887 INFO GET /api/catalog/mark 200 1.0 мс
2026-10-03 04:23:38,230 INFO POST /api/scheme/menu 200 2.1 мс
2026-10-03 04:23:38,437 INFO POST /api/scheme/menu 200 2.1 мс
2026-10-03 04:23:38,471 INFO POST /api/scheme/form 200 1.4 мс
2026-10-03 04:23:38,474 INFO GET /api/catalog/mark 200 0.9 мс
2026-10-03 04:23:38,620 INFO POST /api/scheme/apply 200 4.1 мс
2026-10-03 04:23:38,626 INFO POST /api/scheme/menu 200 2.2 мс
2026-10-03 04:23:38,778 INFO GET /api/catalog/mark 200 0.8 мс
2026-10-03 04:23:39,157 INFO POST /api/exchange/export 200 1.4 мс
2026-10-03 04:23:39,467 INFO GET /api/scheme/titles 200 1.1 мс
2026-10-03 04:23:39,494 INFO GET /api/catalog 200 23.9 мс
2026-10-03 04:23:39,549 INFO POST /api/scheme/form 200 1.5 мс
2026-10-03 04:23:39,566 INFO GET /api/catalog/mark 200 0.9 мс
2026-10-03 04:23:39,807 INFO POST /api/scheme/apply 200 2.7 мс
2026-10-03 04:23:39,966 INFO GET /api/catalog/mark 200 0.9 мс
2026-10-03 04:23:40,285 INFO POST /api/scheme/menu 200 1.8 мс
2026-10-03 04:23:40,318 INFO POST /api/scheme/form 200 1.4 мс
2026-10-03 04:23:40,320 INFO GET /api/catalog/mark 200 0.8 мс
2026-10-03 04:23:40,445 INFO POST /api/scheme/apply 200 2.7 мс
2026-10-03 04:23:40,450 INFO POST /api/scheme/menu 200 1.5 мс
2026-10-03 04:23:40,613 INFO GET /api/catalog/mark 200 1.0 мс
2026-10-03 04:23:40,903 INFO POST /api/scheme/menu 200 1.8 мс
2026-10-03 04:23:40,931 INFO POST /api/scheme/form 200 1.5 мс
2026-10-03 04:23:40,945 INFO GET /api/catalog/mark 200 1.0 мс
2026-10-03 04:23:40,972 INFO GET /api/catalog/mark 200 2.2 мс
2026-10-03 04:23:41,120 INFO POST /api/scheme/apply 200 3.5 мс
2026-10-03 04:23:41,236 INFO GET /api/catalog/mark 200 1.1 мс
2026-10-03 04:23:41,779 INFO POST /api/scheme/apply 200 1.8 мс
2026-10-03 04:23:41,785 INFO POST /api/scheme/menu 200 1.9 мс
2026-10-03 04:23:42,308 INFO POST /api/scheme/apply 200 2.1 мс
2026-10-03 04:23:42,314 INFO POST /api/scheme/menu 200 2.1 мс
2026-10-03 04:23:42,646 INFO POST /api/scheme/menu 200 2.2 мс
2026-10-03 04:23:42,677 INFO POST /api/scheme/form 200 1.5 мс
2026-10-03 04:23:42,736 INFO POST /api/scheme/apply 200 2.2 мс
2026-10-03 04:23:42,743 INFO POST /api/scheme/menu 200 1.9 мс
2026-10-03 04:23:43,195 INFO POST /api/scheme/menu 200 1.7 мс
2026-10-03 04:23:43,233 INFO POST /api/scheme/form 200 1.6 мс
2026-10-03 04:23:43,325 INFO POST /api/scheme/apply 200 2.3 мс
2026-10-03 04:23:43,792 INFO POST /api/scheme/menu 200 1.8 мс
2026-10-03 04:23:44,073 INFO POST /api/exchange/export 200 1.2 мс
2026-10-03 04:23:44,386 INFO GET /api/scheme/titles 200 0.7 мс
2026-10-03 04:23:44,404 INFO GET /api/catalog 200 13.1 мс
2026-10-03 04:23:44,464 INFO POST /api/scheme/form 200 1.3 мс
2026-10-03 04:23:44,480 INFO GET /api/catalog/mark 200 1.1 мс
2026-10-03 04:23:44,708 INFO POST /api/scheme/apply 200 2.0 мс
2026-10-03 04:23:44,876 INFO GET /api/catalog/mark 200 0.8 мс
2026-10-03 04:23:45,174 INFO POST /api/scheme/menu 200 1.6 мс
2026-10-03 04:23:45,213 INFO POST /api/scheme/form 200 1.4 мс
2026-10-03 04:23:45,223 INFO GET /api/catalog/mark 200 1.0 мс
2026-10-03 04:23:45,253 INFO GET /api/catalog/mark 200 1.4 мс
2026-10-03 04:23:45,411 INFO POST /api/scheme/apply 200 2.6 мс
2026-10-03 04:23:45,521 INFO GET /api/catalog/mark 200 1.3 мс
2026-10-03 04:23:45,707 INFO POST /api/scheme/form 200 1.3 мс
2026-10-03 04:23:45,710 INFO GET /api/catalog/mark 200 0.8 мс
2026-10-03 04:23:45,826 INFO POST /api/scheme/apply 200 2.7 мс
2026-10-03 04:23:45,830 INFO POST /api/scheme/menu 200 1.7 мс
2026-10-03 04:23:46,001 INFO GET /api/catalog/mark 200 0.8 мс
2026-10-03 04:23:46,291 INFO POST /api/scheme/menu 200 1.6 мс
2026-10-03 04:23:46,324 INFO POST /api/scheme/form 200 1.4 мс
2026-10-03 04:23:46,332 INFO GET /api/catalog/mark 200 0.9 мс
2026-10-03 04:23:46,500 INFO POST /api/scheme/apply 200 2.7 мс
2026-10-03 04:23:46,628 INFO GET /api/catalog/mark 200 1.0 мс
2026-10-03 04:23:46,973 INFO POST /api/scheme/menu 200 3.2 мс
2026-10-03 04:23:47,007 INFO POST /api/scheme/form 200 2.0 мс
2026-10-03 04:23:47,014 INFO GET /api/catalog/mark 200 1.1 мс
2026-10-03 04:23:47,195 INFO POST /api/scheme/apply 200 3.1 мс
2026-10-03 04:23:47,313 INFO GET /api/catalog/mark 200 0.9 мс
2026-10-03 04:23:47,642 INFO POST /api/scheme/menu 200 2.3 мс
2026-10-03 04:23:47,667 INFO POST /api/scheme/form 200 1.5 мс
2026-10-03 04:23:47,679 INFO GET /api/catalog/mark 200 0.8 мс
2026-10-03 04:23:47,799 INFO POST /api/scheme/apply 200 3.0 мс
2026-10-03 04:23:47,805 INFO POST /api/scheme/menu 200 1.9 мс
2026-10-03 04:23:47,966 INFO GET /api/catalog/mark 200 1.0 мс
2026-10-03 04:23:48,281 INFO POST /api/scheme/menu 200 2.9 мс
2026-10-03 04:23:48,317 INFO POST /api/scheme/form 200 1.9 мс
2026-10-03 04:23:48,326 INFO GET /api/catalog/mark 200 1.1 мс
2026-10-03 04:23:48,515 INFO POST /api/scheme/apply 200 3.3 мс
2026-10-03 04:23:48,635 INFO GET /api/catalog/mark 200 1.0 мс
2026-10-03 04:23:48,976 INFO POST /api/scheme/menu 200 3.0 мс
2026-10-03 04:23:49,008 INFO POST /api/scheme/form 200 1.6 мс
2026-10-03 04:23:49,017 INFO GET /api/catalog/mark 200 0.8 мс
2026-10-03 04:23:49,050 INFO GET /api/catalog/mark 200 0.9 мс
2026-10-03 04:23:49,196 INFO POST /api/scheme/apply 200 4.2 мс
2026-10-03 04:23:49,317 INFO GET /api/catalog/mark 200 1.0 мс
2026-10-03 04:23:49,863 INFO POST /api/scheme/apply 200 2.5 мс
2026-10-03 04:23:49,872 INFO POST /api/scheme/menu 200 2.6 мс
2026-10-03 04:23:50,201 INFO GET /api/catalog/mark 200 1.2 мс
2026-10-03 04:23:50,405 INFO POST /api/scheme/apply 200 2.4 мс
2026-10-03 04:23:50,413 INFO POST /api/scheme/menu 200 2.8 мс
2026-10-03 04:23:50,947 INFO POST /api/scheme/apply 200 2.7 мс
2026-10-03 04:23:50,955 INFO POST /api/scheme/menu 200 3.0 мс
2026-10-03 04:23:51,281 INFO GET /api/catalog/mark 200 1.1 мс
2026-10-03 04:23:51,488 INFO POST /api/scheme/apply 200 2.8 мс
2026-10-03 04:23:51,888 INFO POST /api/exchange/export 200 1.6 мс
2026-10-03 04:23:52,190 INFO GET /api/scheme/titles 200 0.9 мс
2026-10-03 04:23:52,209 INFO GET /api/catalog 200 16.1 мс
2026-10-03 04:23:52,272 INFO POST /api/scheme/form 200 1.7 мс
2026-10-03 04:23:52,292 INFO GET /api/catalog/mark 200 1.2 мс
2026-10-03 04:23:52,314 INFO POST /api/scheme/apply 200 2.4 мс
2026-10-03 04:23:52,788 INFO POST /api/scheme/menu 200 1.6 мс
2026-10-03 04:23:53,275 INFO POST /api/scheme/apply 200 1.7 мс
2026-10-03 04:23:53,925 INFO GET /api/scheme/titles 200 1.1 мс
2026-10-03 04:23:53,945 INFO GET /api/catalog 200 14.8 мс
2026-10-03 04:23:54,001 INFO POST /api/scheme/form 200 1.5 мс
2026-10-03 04:23:54,020 INFO GET /api/catalog/mark 200 1.0 мс
2026-10-03 04:23:54,043 INFO POST /api/scheme/apply 200 2.2 мс
2026-10-03 04:23:54,521 INFO POST /api/scheme/menu 200 1.7 мс
2026-10-03 04:23:54,555 INFO POST /api/scheme/form 200 1.6 мс
2026-10-03 04:23:54,561 INFO GET /api/catalog/mark 200 1.0 мс
2026-10-03 04:23:54,585 INFO POST /api/scheme/apply 200 2.9 мс
2026-10-03 04:23:54,591 INFO POST /api/scheme/menu 200 1.6 мс
2026-10-03 04:23:55,253 INFO отказ /api/scheme/apply: К опоре присоединена ЛЭП! Опора не удалена!
2026-10-03 04:23:55,253 INFO POST /api/scheme/apply 409 2.0 мс
2026-10-03 04:23:55,467 INFO POST /api/scheme/menu 200 1.9 мс
2026-10-03 04:23:55,505 INFO POST /api/scheme/form 200 1.5 мс
2026-10-03 04:23:55,515 INFO GET /api/catalog/mark 200 0.8 мс
2026-10-03 04:23:55,576 INFO POST /api/scheme/undo 200 2.0 мс
2026-10-03 04:23:56,067 INFO GET /api/scheme/titles 200 0.9 мс
2026-10-03 04:23:56,085 INFO GET /api/catalog 200 13.7 мс
2026-10-03 04:23:56,138 INFO POST /api/scheme/form 200 1.4 мс
2026-10-03 04:23:56,157 INFO GET /api/catalog/mark 200 1.1 мс
2026-10-03 04:23:56,509 INFO GET /api/catalog/mark 200 1.9 мс
2026-10-03 04:23:56,850 INFO GET /api/scheme/titles 200 1.1 мс
2026-10-03 04:23:56,875 INFO GET /api/catalog 200 20.3 мс
2026-10-03 04:23:56,950 INFO POST /api/exchange/import 200 9.7 мс
2026-10-03 04:23:57,133 INFO POST /api/exchange/export 200 5.8 мс
2026-10-03 04:23:57,438 INFO GET /api/scheme/titles 200 0.6 мс
2026-10-03 04:23:57,456 INFO GET /api/catalog 200 14.7 мс
2026-10-03 04:23:57,518 INFO POST /api/exchange/import 200 12.4 мс
2026-10-03 04:23:57,717 INFO POST /api/exchange/export 200 9.3 мс
2026-10-03 04:23:58,023 INFO GET /api/scheme/titles 200 1.2 мс
2026-10-03 04:23:58,042 INFO GET /api/catalog 200 17.0 мс
2026-10-03 04:23:58,099 INFO POST /api/exchange/import 200 7.7 мс
2026-10-03 04:23:58,265 INFO POST /api/exchange/export 200 6.8 мс
2026-10-03 04:23:58,595 INFO GET /api/scheme/titles 200 0.9 мс
2026-10-03 04:23:58,615 INFO GET /api/catalog 200 15.9 мс
2026-10-03 04:23:58,666 INFO POST /api/scheme/form 200 1.2 мс
2026-10-03 04:23:58,683 INFO GET /api/catalog/mark 200 1.0 мс
2026-10-03 04:23:58,702 INFO POST /api/scheme/apply 200 2.3 мс
2026-10-03 04:23:59,773 INFO GET /api/scheme/titles 200 1.1 мс
2026-10-03 04:23:59,792 INFO GET /api/catalog 200 17.1 мс
2026-10-03 04:23:59,857 INFO POST /api/exchange/import 200 12.6 мс
2026-10-03 04:24:00,907 INFO GET /api/catalog/mark 200 1.5 мс
2026-10-03 04:24:02,138 INFO GET /api/catalog/mark 200 1.1 мс
2026-10-03 04:24:02,402 INFO POST /api/scheme/apply 200 20.8 мс
2026-10-03 04:24:02,431 INFO GET /api/catalog/mark 200 1.1 мс
2026-10-03 04:24:04,972 INFO POST /api/scheme/apply 200 15.1 мс
2026-10-03 04:24:05,167 INFO POST /api/exchange/export 200 10.1 мс
2026-10-03 04:24:05,488 INFO GET /api/scheme/titles 200 1.0 мс
2026-10-03 04:24:05,500 INFO GET /api/catalog 200 14.1 мс
2026-10-03 04:24:05,555 INFO POST /api/scheme/form 200 1.5 мс
2026-10-03 04:24:05,571 INFO GET /api/catalog/mark 200 0.9 мс
2026-10-03 04:24:05,605 INFO POST /api/scheme/apply 200 2.3 мс
2026-10-03 04:24:06,069 INFO POST /api/scheme/menu 200 1.5 мс
2026-10-03 04:24:06,109 INFO POST /api/scheme/form 200 1.4 мс
2026-10-03 04:24:06,111 INFO GET /api/catalog/mark 200 0.9 мс
2026-10-03 04:24:06,149 INFO GET /api/catalog/mark 200 2.1 мс
2026-10-03 04:24:06,236 INFO POST /api/scheme/apply 200 2.5 мс
2026-10-03 04:24:06,243 INFO POST /api/scheme/menu 200 2.1 мс
2026-10-03 04:24:06,714 INFO GET /api/catalog/mark 200 1.0 мс
2026-10-03 04:24:07,132 INFO GET /api/scheme/titles 200 1.5 мс
2026-10-03 04:24:07,153 INFO GET /api/catalog 200 19.7 мс
2026-10-03 04:24:07,468 INFO GET /api/scheme/titles 200 0.7 мс
2026-10-03 04:24:07,486 INFO GET /api/catalog 200 14.3 мс
2026-10-03 04:24:07,551 INFO POST /api/exchange/import 200 7.1 мс
2026-10-03 04:24:07,684 INFO POST /api/calc 200 58.0 мс
2026-10-03 04:24:09,708 INFO GET /api/scheme/titles 200 1.2 мс
2026-10-03 04:24:09,729 INFO GET /api/catalog 200 17.0 мс
2026-10-03 04:24:09,785 INFO POST /api/exchange/import 200 6.8 мс
2026-10-03 04:24:09,882 INFO POST /api/calc 200 23.0 мс
2026-10-03 04:24:11,278 INFO POST /api/scheme/apply 200 9.8 мс
2026-10-03 04:24:11,717 INFO GET /api/scheme/titles 200 0.9 мс
2026-10-03 04:24:11,736 INFO GET /api/catalog 200 15.3 мс
2026-10-03 04:24:11,799 INFO POST /api/scheme/form 200 1.2 мс
2026-10-03 04:24:11,815 INFO GET /api/catalog/mark 200 1.1 мс
2026-10-03 04:24:11,836 INFO POST /api/scheme/apply 200 2.6 мс
2026-10-03 04:24:12,170 INFO отказ /api/calc: В схеме отсутствуют потребители! Расчёт не запущен!
2026-10-03 04:24:12,170 INFO POST /api/calc 409 1.1 мс
2026-10-03 04:24:12,467 INFO GET /api/scheme/titles 200 1.2 мс
2026-10-03 04:24:12,486 INFO GET /api/catalog 200 17.9 мс
2026-10-03 04:24:12,546 INFO POST /api/exchange/import 200 1.6 мс
2026-10-03 04:24:12,607 INFO POST /api/calc 200 5.7 мс
2026-10-03 04:24:13,357 INFO POST /api/scheme/apply 200 1.9 мс
2026-10-03 04:24:13,365 INFO POST /api/scheme/menu 200 2.2 мс
2026-10-03 04:24:13,695 INFO GET /api/catalog/mark 200 1.4 мс
2026-10-03 04:24:13,905 INFO POST /api/scheme/apply 200 1.9 мс
2026-10-03 04:24:13,914 INFO POST /api/scheme/menu 200 2.8 мс
2026-10-03 04:24:14,446 INFO POST /api/scheme/apply 200 1.9 мс
2026-10-03 04:24:14,452 INFO POST /api/scheme/menu 200 2.0 мс
2026-10-03 04:24:14,773 INFO GET /api/catalog/mark 200 1.0 мс
2026-10-03 04:24:14,983 INFO POST /api/scheme/apply 200 2.6 мс
2026-10-03 04:24:14,993 INFO POST /api/scheme/menu 200 3.1 мс
2026-10-03 04:24:15,517 INFO POST /api/scheme/apply 200 2.4 мс
2026-10-03 04:24:15,525 INFO POST /api/scheme/menu 200 2.8 мс
2026-10-03 04:24:15,849 INFO GET /api/catalog/mark 200 1.1 мс
2026-10-03 04:24:16,057 INFO POST /api/scheme/apply 200 1.9 мс
2026-10-03 04:24:16,063 INFO POST /api/scheme/menu 200 2.2 мс
2026-10-03 04:24:16,239 INFO POST /api/calc 200 4.6 мс
2026-10-03 04:24:16,911 INFO GET /api/scheme/titles 200 0.8 мс
2026-10-03 04:24:16,930 INFO GET /api/catalog 200 13.0 мс
2026-10-03 04:24:16,979 INFO POST /api/exchange/import 200 1.8 мс
2026-10-03 04:24:17,046 INFO POST /api/calc 200 6.1 мс
2026-10-03 04:24:17,816 INFO POST /api/scheme/apply 200 3.0 мс
2026-10-03 04:24:17,823 INFO POST /api/scheme/menu 200 2.5 мс
2026-10-03 04:24:18,151 INFO GET /api/catalog/mark 200 1.0 мс
2026-10-03 04:24:18,362 INFO POST /api/scheme/apply 200 2.5 мс
2026-10-03 04:24:18,370 INFO POST /api/scheme/menu 200 2.0 мс
2026-10-03 04:24:18,898 INFO POST /api/scheme/apply 200 2.4 мс
2026-10-03 04:24:18,906 INFO POST /api/scheme/menu 200 2.3 мс
2026-10-03 04:24:19,239 INFO GET /api/catalog/mark 200 1.2 мс
2026-10-03 04:24:19,454 INFO POST /api/scheme/apply 200 2.5 мс
2026-10-03 04:24:19,461 INFO POST /api/scheme/menu 200 2.6 мс
2026-10-03 04:24:19,995 INFO POST /api/scheme/apply 200 2.4 мс
2026-10-03 04:24:20,001 INFO POST /api/scheme/menu 200 1.9 мс
2026-10-03 04:24:20,329 INFO GET /api/catalog/mark 200 1.0 мс
2026-10-03 04:24:20,538 INFO POST /api/scheme/apply 200 2.9 мс
2026-10-03 04:24:20,546 INFO POST /api/scheme/menu 200 2.3 мс
2026-10-03 04:24:20,733 INFO POST /api/calc 200 6.6 мс
2026-10-03 04:24:21,425 INFO GET /api/scheme/titles 200 1.0 мс
2026-10-03 04:24:21,443 INFO GET /api/catalog 200 13.4 мс
2026-10-03 04:24:21,489 INFO POST /api/exchange/import 200 2.9 мс
2026-10-03 04:24:21,558 INFO POST /api/calc 200 5.8 мс
2026-10-03 04:24:21,910 INFO POST /api/exchange/import 200 7.0 мс
2026-10-03 04:24:21,958 INFO POST /api/exchange/import 200 2.0 мс
2026-10-03 04:24:22,015 INFO POST /api/calc 200 5.3 мс
2026-10-03 04:24:22,642 INFO GET /api/scheme/titles 200 0.9 мс
2026-10-03 04:24:22,661 INFO GET /api/catalog 200 15.2 мс
2026-10-03 04:24:22,708 INFO POST /api/exchange/import 200 1.6 мс
2026-10-03 04:24:22,766 INFO POST /api/calc 200 4.5 мс
2026-10-03 04:24:23,487 INFO GET /api/scheme/titles 200 0.9 мс
2026-10-03 04:24:23,504 INFO GET /api/catalog 200 14.0 мс
2026-10-03 04:24:23,563 INFO POST /api/exchange/import 200 2.3 мс
2026-10-03 04:24:23,626 INFO POST /api/calc 200 7.1 мс
2026-10-03 04:24:24,329 INFO GET /api/scheme/titles 200 1.1 мс
2026-10-03 04:24:24,347 INFO GET /api/catalog 200 13.9 мс
2026-10-03 04:24:24,395 INFO POST /api/exchange/import 200 2.2 мс
2026-10-03 04:24:24,462 INFO POST /api/calc 200 5.6 мс
2026-10-03 04:24:25,356 INFO GET /api/scheme/titles 200 0.7 мс
2026-10-03 04:24:25,375 INFO GET /api/catalog 200 15.0 мс
2026-10-03 04:24:25,430 INFO POST /api/exchange/import 200 6.7 мс
2026-10-03 04:24:25,527 INFO POST /api/calc 200 22.1 мс
2026-10-03 04:24:26,737 INFO GET /api/scheme/titles 200 1.3 мс
2026-10-03 04:24:26,751 INFO GET /api/catalog 200 14.5 мс
2026-10-03 04:24:26,808 INFO POST /api/exchange/import 200 6.7 мс
2026-10-03 04:24:27,641 INFO GET /api/catalog/mark 200 1.3 мс
2026-10-03 04:24:28,450 INFO GET /api/catalog/mark 200 0.7 мс
2026-10-03 04:24:28,468 INFO GET /api/catalog/mark 200 0.8 мс
2026-10-03 04:24:29,783 INFO GET /api/scheme/titles 200 0.7 мс
2026-10-03 04:24:29,834 INFO GET /api/catalog 200 49.3 мс
2026-10-03 04:24:29,890 INFO POST /api/exchange/import 200 7.1 мс
2026-10-03 04:24:30,713 INFO GET /api/catalog/mark 200 1.0 мс
2026-10-03 04:24:31,186 INFO GET /api/catalog/mark 200 1.0 мс
2026-10-03 04:24:31,473 INFO GET /api/catalog/mark 200 1.0 мс
2026-10-03 04:24:31,517 INFO GET /api/catalog/mark 200 1.3 мс
2026-10-03 06:24:26,788 INFO GET /api/catalog 200 53.3 мс
2026-10-03 06:24:26,828 INFO POST /api/scheme/apply 200 3.1 мс
2026-10-03 06:24:26,836 INFO POST /api/scheme/apply 200 1.5 мс
2026-10-03 06:24:26,838 INFO POST /api/scheme/menu 200 2.1 мс
2026-10-03 06:24:26,844 INFO POST /api/scheme/apply 200 1.5 мс
2026-10-03 06:24:26,848 INFO POST /api/scheme/apply 200 1.9 мс
2026-10-03 06:24:26,848 INFO POST /api/scheme/apply 200 1.4 мс
2026-10-03 06:24:26,858 INFO POST /api/scheme/apply 200 1.8 мс
2026-10-03 06:24:26,860 INFO отказ /api/scheme/apply: К опоре присоединена ЛЭП! Опора не удалена!
2026-10-03 06:24:26,860 INFO POST /api/scheme/apply 409 1.2 мс
2026-10-03 06:24:26,866 INFO POST /api/scheme/apply 200 1.6 мс
2026-10-03 06:24:26,869 INFO отказ /api/scheme/apply: Действие «Пролёт между опорами» недоступно в выбранной точке
2026-10-03 06:24:26,869 INFO POST /api/scheme/apply 409 1.1 мс
2026-10-03 06:24:26,871 INFO неверный запрос /api/scheme/apply: Действие: недопустимое значение
2026-10-03 06:24:26,871 INFO POST /api/scheme/apply 422 0.5 мс
2026-10-03 06:24:26,875 INFO неверный запрос /api/scheme/apply: Точка присоединения, координата x: должно быть числом
2026-10-03 06:24:26,875 INFO POST /api/scheme/apply 422 0.5 мс
2026-10-03 06:24:26,879 INFO неверный запрос /api/scheme/apply: ЛЭП, длина: должно быть больше 0
2026-10-03 06:24:26,879 INFO POST /api/scheme/apply 422 0.5 мс
2026-10-03 06:24:26,879 INFO неверный запрос /api/scheme/apply: Опора, количество ответвлений: должно быть не больше 10
2026-10-03 06:24:26,879 INFO POST /api/scheme/apply 422 0.5 мс
2026-10-03 06:24:26,879 INFO неверный запрос /api/scheme/apply: Трансформатор: ступень ПБВ должна быть от −1 до +1
2026-10-03 06:24:26,879 INFO POST /api/scheme/apply 422 0.5 мс
2026-10-03 06:24:26,889 INFO отказ /api/scheme/apply: Схема не передана
2026-10-03 06:24:26,889 INFO POST /api/scheme/apply 409 1.1 мс
2026-10-03 06:24:26,893 INFO POST /api/scheme/apply 200 1.6 мс
2026-10-03 06:24:26,897 INFO POST /api/exchange/export 200 1.7 мс
2026-10-03 06:24:26,899 INFO POST /api/exchange/import 200 1.0 мс
2026-10-03 06:24:26,912 INFO POST /api/exchange/import 200 8.1 мс
2026-10-03 06:24:26,919 INFO POST /api/exchange/export 200 4.8 мс
2026-10-03 06:24:26,929 INFO POST /api/exchange/import 200 10.6 мс
2026-10-03 06:24:26,949 INFO POST /api/exchange/export 200 7.0 мс
2026-10-03 06:24:26,960 INFO POST /api/exchange/import 200 6.7 мс
2026-10-03 06:24:26,968 INFO POST /api/exchange/export 200 4.1 мс
2026-10-03 06:24:26,980 INFO POST /api/exchange/import 200 9.4 мс
2026-10-03 06:24:26,992 INFO POST /api/exchange/export 200 6.1 мс
2026-10-03 06:24:27,001 INFO POST /api/exchange/import 200 5.6 мс
2026-10-03 06:24:27,009 INFO POST /api/exchange/export 200 3.9 мс
2026-10-03 06:24:27,020 INFO POST /api/exchange/import 200 5.2 мс
2026-10-03 06:24:27,025 INFO POST /api/exchange/export 200 4.3 мс
2026-10-03 06:24:27,042 INFO POST /api/exchange/import 200 9.7 мс
2026-10-03 06:24:27,052 INFO POST /api/exchange/export 200 6.1 мс
2026-10-03 06:24:27,063 INFO POST /api/exchange/import 200 6.8 мс
2026-10-03 06:24:27,073 INFO POST /api/exchange/export 200 4.3 мс
2026-10-03 06:24:27,081 INFO POST /api/exchange/import 200 3.3 мс
2026-10-03 06:24:27,083 INFO POST /api/exchange/export 200 2.3 мс
2026-10-03 06:24:27,093 INFO POST /api/exchange/import 200 8.6 мс
2026-10-03 06:24:27,109 INFO POST /api/exchange/export 200 5.6 мс
2026-10-03 06:24:27,113 INFO POST /api/exchange/import 200 5.5 мс
2026-10-03 06:24:27,125 INFO POST /api/exchange/export 200 3.5 мс
2026-10-03 06:24:27,133 INFO POST /api/exchange/import 200 8.2 мс
2026-10-03 06:24:27,144 INFO POST /api/exchange/export 200 5.0 мс
2026-10-03 06:24:27,158 INFO POST /api/exchange/import 200 5.2 мс
2026-10-03 06:24:27,164 INFO POST /api/exchange/export 200 3.4 мс
2026-10-03 06:24:27,174 INFO POST /api/exchange/import 200 6.3 мс
2026-10-03 06:24:27,184 INFO POST /api/exchange/export 200 4.1 мс
2026-10-03 06:24:27,192 INFO POST /api/exchange/import 200 4.8 мс
2026-10-03 06:24:27,194 INFO POST /api/exchange/export 200 3.0 мс
2026-10-03 06:24:27,207 INFO POST /api/exchange/import 200 4.8 мс
2026-10-03 06:24:27,212 INFO POST /api/exchange/export 200 3.1 мс
2026-10-03 06:24:27,225 INFO POST /api/exchange/import 200 8.8 мс
2026-10-03 06:24:27,235 INFO POST /api/exchange/export 200 5.8 мс
2026-10-03 06:24:27,245 INFO POST /api/exchange/import 200 5.3 мс
2026-10-03 06:24:27,255 INFO POST /api/exchange/export 200 3.9 мс
2026-10-03 06:24:27,258 INFO POST /api/exchange/import 400 0.8 мс
2026-10-03 06:24:27,263 INFO POST /api/exchange/import 400 0.7 мс
2026-10-03 06:24:27,275 INFO POST /api/exchange/import 413 14.1 мс
2026-10-03 06:24:27,291 INFO POST /api/scheme/apply 200 2.1 мс
2026-10-03 06:24:27,294 INFO POST /api/exchange/export 200 1.1 мс
2026-10-03 06:24:27,316 INFO GET /api/openapi.json 200 19.7 мс
2026-10-03 06:24:27,358 INFO POST /api/calc 200 28.2 мс
2026-10-03 06:24:27,370 INFO POST /api/scheme/apply 200 2.1 мс
2026-10-03 06:24:27,373 INFO отказ /api/calc: В схеме отсутствуют потребители! Расчёт не запущен!
2026-10-03 06:24:27,373 INFO POST /api/calc 409 1.1 мс
2026-10-03 06:24:27,385 INFO неверный запрос /api/calc: Period: недопустимое значение
2026-10-03 06:24:27,385 INFO POST /api/calc 422 3.1 мс
2026-10-03 06:24:27,398 INFO отказ /api/calc: В схеме отсутствуют ЛЭП! Расчёт не запущен!
2026-10-03 06:24:27,398 INFO POST /api/calc 409 2.5 мс
2026-10-03 06:24:27,408 INFO отказ /api/calc: В схеме имеются ЛЭП нулевой длины! Расчёт не запущен!
2026-10-03 06:24:27,408 INFO POST /api/calc 409 4.4 мс
2026-10-03 06:24:27,418 INFO POST /api/calc 200 3.6 мс
2026-10-03 06:24:27,447 INFO POST /api/calc 200 17.5 мс
2026-10-03 06:24:27,449 INFO GET /api/catalog/mark 200 1.1 мс
2026-10-03 06:24:27,458 INFO GET /api/catalog/mark 200 1.0 мс
2026-10-03 06:24:27,459 INFO GET /api/catalog/mark 200 0.8 мс
2026-10-03 06:24:27,469 INFO POST /api/scheme/apply 200 1.6 мс
2026-10-03 06:24:27,474 INFO неверный запрос /api/exchange/export: Опора № 1, надпись: текст не должен содержать переводов строки и служебных символов
2026-10-03 06:24:27,474 INFO POST /api/exchange/export 422 0.8 мс
2026-10-03 06:24:27,480 INFO POST /api/scheme/apply 200 2.0 мс
2026-10-03 06:24:27,480 INFO неверный запрос /api/exchange/export: Опора № 1, надпись: текст не должен содержать переводов строки и служебных символов
2026-10-03 06:24:27,480 INFO POST /api/exchange/export 422 0.6 мс
2026-10-03 06:24:27,490 INFO POST /api/scheme/apply 200 2.0 мс
2026-10-03 06:24:27,491 INFO неверный запрос /api/exchange/export: Опора № 1, надпись: текст не должен содержать переводов строки и служебных символов
2026-10-03 06:24:27,491 INFO POST /api/exchange/export 422 0.7 мс
2026-10-03 06:24:27,498 INFO POST /api/scheme/apply 200 1.6 мс
2026-10-03 06:24:27,500 INFO неверный запрос /api/exchange/export: Опора № 1, надпись: символ «≤» нельзя сохранить в файл .cir
2026-10-03 06:24:27,500 INFO POST /api/exchange/export 422 0.6 мс
2026-10-03 06:24:27,500 INFO POST /api/scheme/apply 200 1.5 мс
2026-10-03 06:24:27,506 INFO неверный запрос /api/exchange/export: Опора № 1, надпись: символ «中» нельзя сохранить в файл .cir
2026-10-03 06:24:27,506 INFO POST /api/exchange/export 422 0.6 мс
2026-10-03 06:24:27,510 INFO POST /api/scheme/apply 200 1.5 мс
2026-10-03 06:24:27,510 INFO неверный запрос /api/scheme/apply: Потребитель, тип потребителя: недопустимое значение
2026-10-03 06:24:27,510 INFO POST /api/scheme/apply 422 0.6 мс
2026-10-03 06:24:27,518 INFO POST /api/scheme/apply 200 1.5 мс
2026-10-03 06:24:27,520 INFO неверный запрос /api/scheme/apply: Опора № 1, количество ответвлений: должно быть не больше 100
2026-10-03 06:24:27,520 INFO POST /api/scheme/apply 422 0.5 мс
2026-10-03 06:24:27,524 INFO POST /api/scheme/apply 200 1.5 мс
2026-10-03 06:24:27,541 INFO неверный запрос /api/exchange/export: Lines: слишком много элементов (не более 1200)
2026-10-03 06:24:27,541 INFO POST /api/exchange/export 422 10.6 мс
2026-10-03 06:24:27,573 INFO POST /api/exchange/import 400 18.8 мс
2026-10-03 06:24:27,579 INFO POST /api/scheme/apply 200 2.1 мс
2026-10-03 06:24:27,581 INFO неверный запрос /api/exchange/export: ЛЭП № 1, длина: должно быть конечным числом
2026-10-03 06:24:27,581 INFO POST /api/exchange/export 422 0.6 мс
2026-10-03 06:24:27,581 INFO неверный запрос /api/scheme/apply: ЛЭП, длина: должно быть числом
2026-10-03 06:24:27,581 INFO POST /api/scheme/apply 422 0.8 мс
2026-10-03 06:24:27,591 INFO POST /api/scheme/apply 200 1.5 мс
2026-10-03 06:24:27,591 INFO POST /api/exchange/export 200 1.1 мс
2026-10-03 06:24:27,601 INFO POST /api/scheme/form 200 2.1 мс
2026-10-03 06:24:27,606 INFO POST /api/scheme/apply 200 1.5 мс
2026-10-03 06:24:27,610 INFO POST /api/scheme/apply 200 2.0 мс
2026-10-03 06:24:27,612 INFO POST /api/scheme/form 200 1.0 мс
2026-10-03 06:24:27,612 INFO GET /api/scheme/titles 200 0.7 мс
2026-10-03 06:24:27,623 INFO POST /api/scheme/apply 200 1.9 мс
2026-10-03 06:24:27,623 INFO POST /api/scheme/menu 200 1.4 мс
2026-10-03 06:24:27,632 INFO POST /api/scheme/apply 200 1.5 мс
2026-10-03 06:24:27,632 INFO POST /api/scheme/apply 200 2.1 мс
2026-10-03 06:24:27,650 INFO POST /api/exchange/import 200 10.8 мс
2026-10-03 06:24:27,663 INFO POST /api/scheme/apply 200 13.1 мс
2026-10-03 06:24:27,681 INFO POST /api/exchange/export 200 6.4 мс
2026-10-03 06:24:27,694 INFO POST /api/exchange/import 200 6.9 мс
2026-10-03 06:24:27,708 INFO POST /api/scheme/apply 200 8.7 мс
2026-10-03 06:24:27,714 INFO POST /api/exchange/export 200 4.2 мс
2026-10-03 06:24:27,724 INFO POST /api/exchange/import 200 9.6 мс
2026-10-03 06:24:27,745 INFO POST /api/scheme/apply 200 11.9 мс
2026-10-03 06:24:27,756 INFO POST /api/exchange/export 200 6.0 мс
2026-10-03 06:24:27,766 INFO POST /api/exchange/import 413 0.0 мс
2026-10-03 06:24:38,731 INFO GET /api/scheme/titles 200 0.8 мс
2026-10-03 06:24:38,852 INFO GET /api/catalog 200 87.4 мс
2026-10-03 06:24:39,394 INFO GET /api/scheme/titles 200 1.0 мс
2026-10-03 06:24:39,410 INFO GET /api/catalog 200 13.1 мс
2026-10-03 06:24:39,469 INFO POST /api/scheme/form 200 2.9 мс
2026-10-03 06:24:39,489 INFO GET /api/catalog/mark 200 1.4 мс
2026-10-03 06:24:39,608 INFO POST /api/scheme/apply 200 4.0 мс
2026-10-03 06:24:40,214 INFO GET /api/scheme/titles 200 1.0 мс
2026-10-03 06:24:40,232 INFO GET /api/catalog 200 14.1 мс
2026-10-03 06:24:40,295 INFO POST /api/scheme/form 200 1.9 мс
2026-10-03 06:24:40,310 INFO GET /api/catalog/mark 200 1.2 мс
2026-10-03 06:24:40,551 INFO POST /api/scheme/apply 200 2.0 мс
2026-10-03 06:24:40,718 INFO GET /api/catalog/mark 200 1.0 мс
2026-10-03 06:24:41,016 INFO POST /api/scheme/menu 200 2.7 мс
2026-10-03 06:24:41,044 INFO POST /api/scheme/form 200 1.2 мс
2026-10-03 06:24:41,058 INFO GET /api/catalog/mark 200 1.0 мс
2026-10-03 06:24:41,095 INFO GET /api/catalog/mark 200 1.5 мс
2026-10-03 06:24:41,267 INFO POST /api/scheme/apply 200 3.0 мс
2026-10-03 06:24:41,359 INFO GET /api/catalog/mark 200 1.0 мс
2026-10-03 06:24:41,734 INFO POST /api/scheme/menu 200 2.0 мс
2026-10-03 06:24:41,772 INFO POST /api/scheme/form 200 1.7 мс
2026-10-03 06:24:41,777 INFO GET /api/catalog/mark 200 1.1 мс
2026-10-03 06:24:41,818 INFO GET /api/catalog/mark 200 1.0 мс
2026-10-03 06:24:41,960 INFO POST /api/scheme/apply 200 2.5 мс
2026-10-03 06:24:42,089 INFO GET /api/catalog/mark 200 1.4 мс
2026-10-03 06:24:42,433 INFO POST /api/scheme/menu 200 2.0 мс
2026-10-03 06:24:42,461 INFO POST /api/scheme/form 200 1.3 мс
2026-10-03 06:24:42,473 INFO GET /api/catalog/mark 200 1.2 мс
2026-10-03 06:24:42,593 INFO POST /api/scheme/apply 200 2.8 мс
2026-10-03 06:24:42,599 INFO POST /api/scheme/menu 200 1.9 мс
2026-10-03 06:24:42,759 INFO GET /api/catalog/mark 200 0.8 мс
2026-10-03 06:24:43,064 INFO POST /api/scheme/menu 200 2.3 мс
2026-10-03 06:24:43,101 INFO POST /api/scheme/form 200 1.9 мс
2026-10-03 06:24:43,109 INFO GET /api/catalog/mark 200 1.4 мс
2026-10-03 06:24:43,153 INFO GET /api/catalog/mark 200 1.9 мс
2026-10-03 06:24:43,351 INFO POST /api/scheme/apply 200 3.5 мс
2026-10-03 06:24:43,428 INFO GET /api/catalog/mark 200 1.0 мс
2026-10-03 06:24:43,826 INFO POST /api/scheme/menu 200 2.8 мс
2026-10-03 06:24:43,862 INFO POST /api/scheme/form 200 1.4 мс
2026-10-03 06:24:43,865 INFO GET /api/catalog/mark 200 1.0 мс
2026-10-03 06:24:44,002 INFO POST /api/scheme/apply 200 3.1 мс
2026-10-03 06:24:44,009 INFO POST /api/scheme/menu 200 2.8 мс
2026-10-03 06:24:44,170 INFO GET /api/catalog/mark 200 1.1 мс
2026-10-03 06:24:44,475 INFO POST /api/scheme/menu 200 2.4 мс
2026-10-03 06:24:44,504 INFO POST /api/scheme/form 200 1.6 мс
2026-10-03 06:24:44,515 INFO GET /api/catalog/mark 200 0.8 мс
2026-10-03 06:24:44,691 INFO POST /api/scheme/apply 200 3.1 мс
2026-10-03 06:24:44,802 INFO GET /api/catalog/mark 200 1.0 мс
2026-10-03 06:24:45,162 INFO POST /api/scheme/menu 200 3.0 мс
2026-10-03 06:24:45,190 INFO POST /api/scheme/form 200 1.9 мс
2026-10-03 06:24:45,201 INFO GET /api/catalog/mark 200 1.0 мс
2026-10-03 06:24:45,385 INFO POST /api/scheme/apply 200 3.3 мс
2026-10-03 06:24:45,499 INFO GET /api/catalog/mark 200 1.0 мс
2026-10-03 06:24:45,946 INFO POST /api/exchange/export 200 2.3 мс
2026-10-03 06:24:46,276 INFO GET /api/scheme/titles 200 1.0 мс
2026-10-03 06:24:46,295 INFO GET /api/catalog 200 16.5 мс
2026-10-03 06:24:46,363 INFO POST /api/scheme/form 200 1.5 мс
2026-10-03 06:24:46,379 INFO GET /api/catalog/mark 200 1.2 мс
2026-10-03 06:24:46,620 INFO POST /api/scheme/apply 200 2.1 мс
2026-10-03 06:24:46,780 INFO GET /api/catalog/mark 200 0.8 мс
2026-10-03 06:24:47,083 INFO POST /api/scheme/menu 200 1.6 мс
2026-10-03 06:24:47,117 INFO POST /api/scheme/form 200 1.4 мс
2026-10-03 06:24:47,129 INFO GET /api/catalog/mark 200 1.0 мс
2026-10-03 06:24:47,159 INFO GET /api/catalog/mark 200 2.4 мс
2026-10-03 06:24:47,308 INFO POST /api/scheme/apply 200 2.4 мс
2026-10-03 06:24:47,430 INFO GET /api/catalog/mark 200 1.1 мс
2026-10-03 06:24:47,775 INFO POST /api/scheme/menu 200 1.9 мс
2026-10-03 06:24:47,806 INFO POST /api/scheme/form 200 1.3 мс
2026-10-03 06:24:47,812 INFO GET /api/catalog/mark 200 0.8 мс
2026-10-03 06:24:47,849 INFO GET /api/catalog/mark 200 0.8 мс
2026-10-03 06:24:48,010 INFO POST /api/scheme/apply 200 2.8 мс
2026-10-03 06:24:48,120 INFO GET /api/catalog/mark 200 1.0 мс
2026-10-03 06:24:48,484 INFO POST /api/scheme/menu 200 1.8 мс
2026-10-03 06:24:48,514 INFO POST /api/scheme/form 200 1.5 мс
2026-10-03 06:24:48,521 INFO GET /api/catalog/mark 200 0.8 мс
2026-10-03 06:24:48,648 INFO POST /api/scheme/apply 200 2.8 мс
2026-10-03 06:24:48,654 INFO POST /api/scheme/menu 200 1.8 мс
2026-10-03 06:24:48,809 INFO GET /api/catalog/mark 200 0.8 мс
2026-10-03 06:24:49,122 INFO POST /api/scheme/menu 200 2.8 мс
2026-10-03 06:24:49,153 INFO POST /api/scheme/form 200 1.4 мс
2026-10-03 06:24:49,155 INFO GET /api/catalog/mark 200 0.8 мс
2026-10-03 06:24:49,196 INFO GET /api/catalog/mark 200 0.8 мс
2026-10-03 06:24:49,349 INFO POST /api/scheme/apply 200 3.3 мс
2026-10-03 06:24:49,468 INFO GET /api/catalog/mark 200 1.0 мс
2026-10-03 06:24:49,811 INFO POST /api/scheme/menu 200 2.4 мс
2026-10-03 06:24:49,843 INFO POST /api/scheme/form 200 1.3 мс
2026-10-03 06:24:49,852 INFO GET /api/catalog/mark 200 0.8 мс
2026-10-03 06:24:49,975 INFO POST /api/scheme/apply 200 3.1 мс
2026-10-03 06:24:49,981 INFO POST /api/scheme/menu 200 1.9 мс
2026-10-03 06:24:50,141 INFO GET /api/catalog/mark 200 0.8 мс
2026-10-03 06:24:50,440 INFO POST /api/scheme/menu 200 2.6 мс
2026-10-03 06:24:50,472 INFO POST /api/scheme/form 200 1.3 мс
2026-10-03 06:24:50,476 INFO GET /api/catalog/mark 200 0.9 мс
2026-10-03 06:24:50,663 INFO POST /api/scheme/apply 200 4.0 мс
2026-10-03 06:24:50,783 INFO GET /api/catalog/mark 200 1.1 мс
2026-10-03 06:24:51,125 INFO POST /api/scheme/menu 200 2.9 мс
2026-10-03 06:24:51,155 INFO POST /api/scheme/form 200 1.7 мс
2026-10-03 06:24:51,165 INFO GET /api/catalog/mark 200 0.9 мс
2026-10-03 06:24:51,344 INFO POST /api/scheme/apply 200 3.9 мс
2026-10-03 06:24:51,461 INFO GET /api/catalog/mark 200 1.0 мс
2026-10-03 06:24:51,634 INFO POST /api/scheme/form 200 1.5 мс
2026-10-03 06:24:51,638 INFO GET /api/catalog/mark 200 0.8 мс
2026-10-03 06:24:51,760 INFO POST /api/scheme/apply 200 4.0 мс
2026-10-03 06:24:51,768 INFO POST /api/scheme/menu 200 2.1 мс
2026-10-03 06:24:51,934 INFO GET /api/catalog/mark 200 0.8 мс
2026-10-03 06:24:52,224 INFO POST /api/scheme/menu 200 3.0 мс
2026-10-03 06:24:52,253 INFO POST /api/scheme/form 200 1.3 мс
2026-10-03 06:24:52,261 INFO GET /api/catalog/mark 200 0.8 мс
2026-10-03 06:24:52,448 INFO POST /api/scheme/apply 200 3.9 мс
2026-10-03 06:24:52,562 INFO GET /api/catalog/mark 200 1.0 мс
2026-10-03 06:24:52,924 INFO POST /api/scheme/menu 200 3.0 мс
2026-10-03 06:24:52,960 INFO POST /api/scheme/form 200 1.8 мс
2026-10-03 06:24:52,967 INFO GET /api/catalog/mark 200 1.2 мс
2026-10-03 06:24:53,100 INFO POST /api/scheme/apply 200 4.8 мс
2026-10-03 06:24:53,110 INFO POST /api/scheme/menu 200 2.7 мс
2026-10-03 06:24:53,261 INFO GET /api/catalog/mark 200 0.9 мс
2026-10-03 06:24:53,571 INFO POST /api/scheme/menu 200 2.8 мс
2026-10-03 06:24:53,604 INFO POST /api/scheme/form 200 1.9 мс
2026-10-03 06:24:53,607 INFO GET /api/catalog/mark 200 0.9 мс
2026-10-03 06:24:53,760 INFO POST /api/scheme/apply 200 4.8 мс
2026-10-03 06:24:53,768 INFO POST /api/scheme/menu 200 2.7 мс
2026-10-03 06:24:53,899 INFO GET /api/catalog/mark 200 0.8 мс
2026-10-03 06:24:54,225 INFO POST /api/scheme/menu 200 3.1 мс
2026-10-03 06:24:54,256 INFO POST /api/scheme/form 200 1.9 мс
2026-10-03 06:24:54,264 INFO GET /api/catalog/mark 200 1.3 мс
2026-10-03 06:24:54,399 INFO POST /api/scheme/apply 200 4.9 мс
2026-10-03 06:24:54,407 INFO POST /api/scheme/menu 200 2.7 мс
2026-10-03 06:24:54,566 INFO GET /api/catalog/mark 200 0.8 мс
2026-10-03 06:24:55,089 INFO POST /api/scheme/apply 200 3.0 мс
2026-10-03 06:24:55,098 INFO POST /api/scheme/menu 200 2.7 мс
2026-10-03 06:24:55,426 INFO POST /api/scheme/menu 200 2.9 мс
2026-10-03 06:24:55,454 INFO POST /api/scheme/form 200 1.4 мс
2026-10-03 06:24:55,466 INFO GET /api/catalog/mark 200 0.9 мс
2026-10-03 06:24:55,687 INFO POST /api/scheme/apply 200 6.7 мс
2026-10-03 06:24:55,761 INFO GET /api/catalog/mark 200 1.1 мс
2026-10-03 06:24:56,358 INFO POST /api/scheme/apply 200 3.8 мс
2026-10-03 06:24:56,368 INFO POST /api/scheme/menu 200 3.4 мс
2026-10-03 06:24:56,761 INFO POST /api/exchange/export 200 1.8 мс
2026-10-03 06:24:57,089 INFO GET /api/scheme/titles 200 1.2 мс
2026-10-03 06:24:57,107 INFO GET /api/catalog 200 16.6 мс
2026-10-03 06:24:57,183 INFO POST /api/scheme/form 200 1.5 мс
2026-10-03 06:24:57,202 INFO GET /api/catalog/mark 200 1.1 мс
2026-10-03 06:24:57,461 INFO POST /api/scheme/apply 200 2.5 мс
2026-10-03 06:24:57,614 INFO GET /api/catalog/mark 200 0.9 мс
2026-10-03 06:24:57,920 INFO POST /api/scheme/menu 200 1.6 мс
2026-10-03 06:24:57,959 INFO POST /api/scheme/form 200 1.2 мс
2026-10-03 06:24:57,967 INFO GET /api/catalog/mark 200 1.2 мс
2026-10-03 06:24:58,002 INFO GET /api/catalog/mark 200 1.0 мс
2026-10-03 06:24:58,155 INFO POST /api/scheme/apply 200 2.2 мс
2026-10-03 06:24:58,277 INFO GET /api/catalog/mark 200 1.0 мс
2026-10-03 06:24:58,621 INFO POST /api/scheme/menu 200 2.4 мс
2026-10-03 06:24:58,651 INFO POST /api/scheme/form 200 1.5 мс
2026-10-03 06:24:58,659 INFO GET /api/catalog/mark 200 0.9 мс
2026-10-03 06:24:58,693 INFO GET /api/catalog/mark 200 0.8 мс
2026-10-03 06:24:58,843 INFO POST /api/scheme/apply 200 2.6 мс
2026-10-03 06:24:58,960 INFO GET /api/catalog/mark 200 1.0 мс
2026-10-03 06:24:59,304 INFO POST /api/scheme/menu 200 2.1 мс
2026-10-03 06:24:59,329 INFO POST /api/scheme/form 200 1.2 мс
2026-10-03 06:24:59,337 INFO GET /api/catalog/mark 200 1.0 мс
2026-10-03 06:24:59,460 INFO POST /api/scheme/apply 200 2.4 мс
2026-10-03 06:24:59,463 INFO POST /api/scheme/menu 200 2.0 мс
2026-10-03 06:24:59,629 INFO GET /api/catalog/mark 200 0.8 мс
2026-10-03 06:24:59,939 INFO POST /api/scheme/menu 200 2.1 мс
2026-10-03 06:24:59,970 INFO POST /api/scheme/form 200 1.5 мс
2026-10-03 06:24:59,978 INFO GET /api/catalog/mark 200 0.8 мс
2026-10-03 06:25:00,020 INFO GET /api/catalog/mark 200 2.2 мс
2026-10-03 06:25:00,177 INFO POST /api/scheme/apply 200 3.6 мс
2026-10-03 06:25:00,286 INFO GET /api/catalog/mark 200 1.1 мс
2026-10-03 06:25:00,648 INFO POST /api/scheme/menu 200 2.4 мс
2026-10-03 06:25:00,680 INFO POST /api/scheme/form 200 2.0 мс
2026-10-03 06:25:00,687 INFO GET /api/catalog/mark 200 0.8 мс
2026-10-03 06:25:00,809 INFO POST /api/scheme/apply 200 3.8 мс
2026-10-03 06:25:00,814 INFO POST /api/scheme/menu 200 2.0 мс
2026-10-03 06:25:00,976 INFO GET /api/catalog/mark 200 0.8 мс
2026-10-03 06:25:01,272 INFO POST /api/scheme/menu 200 2.3 мс
2026-10-03 06:25:01,305 INFO POST /api/scheme/form 200 1.7 мс
2026-10-03 06:25:01,312 INFO GET /api/catalog/mark 200 0.8 мс
2026-10-03 06:25:01,489 INFO POST /api/scheme/apply 200 3.6 мс
2026-10-03 06:25:01,612 INFO GET /api/catalog/mark 200 1.0 мс
2026-10-03 06:25:01,960 INFO POST /api/scheme/menu 200 2.6 мс
2026-10-03 06:25:01,988 INFO POST /api/scheme/form 200 1.6 мс
2026-10-03 06:25:01,998 INFO GET /api/catalog/mark 200 1.0 мс
2026-10-03 06:25:02,177 INFO POST /api/scheme/apply 200 3.6 мс
2026-10-03 06:25:02,298 INFO GET /api/catalog/mark 200 0.8 мс
2026-10-03 06:25:02,870 INFO POST /api/scheme/apply 200 2.4 мс
2026-10-03 06:25:03,208 INFO GET /api/catalog/mark 200 1.6 мс
2026-10-03 06:25:03,414 INFO GET /api/catalog/mark 200 1.0 мс
2026-10-03 06:25:03,480 INFO POST /api/scheme/apply 200 2.3 мс
2026-10-03 06:25:03,489 INFO GET /api/catalog/mark 200 2.6 мс
2026-10-03 06:25:03,812 INFO GET /api/catalog/mark 200 1.3 мс
2026-10-03 06:25:04,012 INFO GET /api/catalog/mark 200 1.1 мс
2026-10-03 06:25:04,049 INFO POST /api/scheme/apply 200 2.1 мс
2026-10-03 06:25:04,055 INFO GET /api/catalog/mark 200 1.0 мс
2026-10-03 06:25:04,380 INFO GET /api/catalog/mark 200 1.0 мс
2026-10-03 06:25:04,604 INFO POST /api/scheme/apply 200 2.1 мс
2026-10-03 06:25:04,614 INFO GET /api/catalog/mark 200 2.8 мс
2026-10-03 06:25:05,147 INFO POST /api/scheme/apply 200 2.2 мс
2026-10-03 06:25:05,708 INFO POST /api/scheme/apply 200 2.3 мс
2026-10-03 06:25:06,258 INFO POST /api/scheme/apply 200 2.1 мс
2026-10-03 06:25:06,591 INFO POST /api/scheme/menu 200 2.4 мс
2026-10-03 06:25:06,626 INFO POST /api/scheme/form 200 2.1 мс
2026-10-03 06:25:06,633 INFO GET /api/catalog/mark 200 0.9 мс
2026-10-03 06:25:06,677 INFO POST /api/scheme/apply 200 4.0 мс
2026-10-03 06:25:06,683 INFO POST /api/scheme/menu 200 2.5 мс
2026-10-03 06:25:07,155 INFO POST /api/scheme/menu 200 2.9 мс
2026-10-03 06:25:07,187 INFO POST /api/scheme/form 200 1.4 мс
2026-10-03 06:25:07,194 INFO GET /api/catalog/mark 200 0.9 мс
2026-10-03 06:25:07,232 INFO POST /api/scheme/apply 200 3.9 мс
2026-10-03 06:25:07,781 INFO POST /api/exchange/export 200 1.9 мс
2026-10-03 06:25:08,095 INFO GET /api/scheme/titles 200 0.7 мс
2026-10-03 06:25:08,120 INFO GET /api/catalog 200 22.1 мс
2026-10-03 06:25:08,174 INFO POST /api/scheme/form 200 1.3 мс
2026-10-03 06:25:08,190 INFO GET /api/catalog/mark 200 1.2 мс
2026-10-03 06:25:08,217 INFO POST /api/scheme/apply 200 2.3 мс
2026-10-03 06:25:08,683 INFO POST /api/scheme/menu 200 2.0 мс
2026-10-03 06:25:08,710 INFO POST /api/scheme/form 200 1.3 мс
2026-10-03 06:25:08,724 INFO GET /api/catalog/mark 200 0.9 мс
2026-10-03 06:25:08,756 INFO POST /api/scheme/apply 200 2.0 мс
2026-10-03 06:25:09,220 INFO POST /api/scheme/menu 200 2.0 мс
2026-10-03 06:25:09,249 INFO POST /api/scheme/form 200 1.3 мс
2026-10-03 06:25:09,253 INFO GET /api/catalog/mark 200 1.0 мс
2026-10-03 06:25:09,293 INFO POST /api/scheme/apply 200 2.6 мс
2026-10-03 06:25:09,300 INFO POST /api/scheme/menu 200 3.1 мс
2026-10-03 06:25:09,591 INFO POST /api/scheme/form 200 1.5 мс
2026-10-03 06:25:09,596 INFO GET /api/catalog/mark 200 0.8 мс
2026-10-03 06:25:09,633 INFO POST /api/scheme/apply 200 2.6 мс
2026-10-03 06:25:09,639 INFO POST /api/scheme/menu 200 1.7 мс
2026-10-03 06:25:10,106 INFO POST /api/scheme/menu 200 2.0 мс
2026-10-03 06:25:10,139 INFO POST /api/scheme/form 200 1.4 мс
2026-10-03 06:25:10,142 INFO GET /api/catalog/mark 200 1.0 мс
2026-10-03 06:25:10,184 INFO POST /api/scheme/apply 200 3.3 мс
2026-10-03 06:25:10,189 INFO POST /api/scheme/menu 200 2.0 мс
2026-10-03 06:25:10,711 INFO POST /api/exchange/export 200 1.3 мс
2026-10-03 06:25:11,007 INFO GET /api/scheme/titles 200 1.0 мс
2026-10-03 06:25:11,025 INFO GET /api/catalog 200 15.9 мс
2026-10-03 06:25:11,084 INFO POST /api/scheme/form 200 1.2 мс
2026-10-03 06:25:11,100 INFO GET /api/catalog/mark 200 1.1 мс
2026-10-03 06:25:11,328 INFO POST /api/scheme/apply 200 2.1 мс
2026-10-03 06:25:11,497 INFO GET /api/catalog/mark 200 0.9 мс
2026-10-03 06:25:11,800 INFO POST /api/scheme/menu 200 1.9 мс
2026-10-03 06:25:11,832 INFO POST /api/scheme/form 200 1.5 мс
2026-10-03 06:25:11,837 INFO GET /api/catalog/mark 200 1.0 мс
2026-10-03 06:25:11,877 INFO POST /api/scheme/apply 200 2.8 мс
2026-10-03 06:25:11,877 INFO POST /api/scheme/menu 200 1.6 мс
2026-10-03 06:25:12,355 INFO POST /api/scheme/menu 200 1.6 мс
2026-10-03 06:25:12,389 INFO POST /api/scheme/form 200 1.7 мс
2026-10-03 06:25:12,397 INFO GET /api/catalog/mark 200 0.8 мс
2026-10-03 06:25:12,436 INFO GET /api/catalog/mark 200 0.7 мс
2026-10-03 06:25:12,481 INFO POST /api/scheme/apply 200 2.4 мс
2026-10-03 06:25:12,946 INFO POST /api/scheme/menu 200 2.7 мс
2026-10-03 06:25:12,975 INFO POST /api/scheme/form 200 1.6 мс
2026-10-03 06:25:12,985 INFO GET /api/catalog/mark 200 1.0 мс
2026-10-03 06:25:13,024 INFO POST /api/scheme/apply 200 3.3 мс
2026-10-03 06:25:13,555 INFO POST /api/exchange/export 200 1.2 мс
2026-10-03 06:25:13,850 INFO GET /api/scheme/titles 200 0.9 мс
2026-10-03 06:25:13,863 INFO GET /api/catalog 200 13.7 мс
2026-10-03 06:25:13,925 INFO POST /api/scheme/form 200 1.7 мс
2026-10-03 06:25:13,942 INFO GET /api/catalog/mark 200 1.2 мс
2026-10-03 06:25:14,190 INFO POST /api/scheme/apply 200 2.1 мс
2026-10-03 06:25:14,357 INFO GET /api/catalog/mark 200 0.8 мс
2026-10-03 06:25:14,654 INFO POST /api/scheme/menu 200 1.9 мс
2026-10-03 06:25:14,685 INFO POST /api/scheme/form 200 1.6 мс
2026-10-03 06:25:14,693 INFO GET /api/catalog/mark 200 0.8 мс
2026-10-03 06:25:14,814 INFO POST /api/scheme/apply 200 2.5 мс
2026-10-03 06:25:14,816 INFO POST /api/scheme/menu 200 1.6 мс
2026-10-03 06:25:14,979 INFO GET /api/catalog/mark 200 1.0 мс
2026-10-03 06:25:15,120 INFO POST /api/scheme/undo 200 2.6 мс
2026-10-03 06:25:15,471 INFO POST /api/scheme/menu 200 2.1 мс
2026-10-03 06:25:15,506 INFO POST /api/scheme/form 200 1.2 мс
2026-10-03 06:25:15,557 INFO POST /api/scheme/apply 200 2.2 мс
2026-10-03 06:25:15,563 INFO POST /api/scheme/menu 200 1.6 мс
2026-10-03 06:25:16,025 INFO POST /api/scheme/menu 200 1.8 мс
2026-10-03 06:25:16,062 INFO POST /api/scheme/form 200 1.2 мс
2026-10-03 06:25:16,072 INFO GET /api/catalog/mark 200 0.9 мс
2026-10-03 06:25:16,101 INFO GET /api/catalog/mark 200 0.9 мс
2026-10-03 06:25:16,244 INFO POST /api/scheme/apply 200 2.7 мс
2026-10-03 06:25:16,374 INFO GET /api/catalog/mark 200 1.0 мс
2026-10-03 06:25:16,914 INFO POST /api/scheme/apply 200 2.1 мс
2026-10-03 06:25:16,921 INFO POST /api/scheme/menu 200 1.8 мс
2026-10-03 06:25:17,085 INFO POST /api/scheme/undo 200 2.2 мс
2026-10-03 06:25:17,649 INFO POST /api/scheme/apply 200 2.2 мс
2026-10-03 06:25:17,655 INFO POST /api/scheme/menu 200 1.7 мс
2026-10-03 06:25:17,987 INFO POST /api/scheme/menu 200 2.2 мс
2026-10-03 06:25:18,018 INFO POST /api/scheme/form 200 1.4 мс
2026-10-03 06:25:18,028 INFO GET /api/catalog/mark 200 0.9 мс
2026-10-03 06:25:18,058 INFO GET /api/catalog/mark 200 1.2 мс
2026-10-03 06:25:18,211 INFO POST /api/scheme/apply 200 3.4 мс
2026-10-03 06:25:18,320 INFO GET /api/catalog/mark 200 1.0 мс
2026-10-03 06:25:18,507 INFO POST /api/scheme/undo 200 2.0 мс
2026-10-03 06:25:18,694 INFO POST /api/scheme/undo 200 1.8 мс
2026-10-03 06:25:19,111 INFO POST /api/exchange/export 200 1.4 мс
2026-10-03 06:25:19,417 INFO GET /api/scheme/titles 200 0.7 мс
2026-10-03 06:25:19,433 INFO GET /api/catalog 200 14.4 мс
2026-10-03 06:25:19,495 INFO POST /api/scheme/form 200 1.5 мс
2026-10-03 06:25:19,511 INFO GET /api/catalog/mark 200 1.1 мс
2026-10-03 06:25:19,751 INFO POST /api/scheme/apply 200 2.3 мс
2026-10-03 06:25:19,920 INFO GET /api/catalog/mark 200 1.0 мс
2026-10-03 06:25:20,045 INFO POST /api/scheme/form 200 1.2 мс
2026-10-03 06:25:20,055 INFO GET /api/catalog/mark 200 1.3 мс
2026-10-03 06:25:20,178 INFO POST /api/scheme/apply 200 2.1 мс
2026-10-03 06:25:20,187 INFO POST /api/scheme/menu 200 1.6 мс
2026-10-03 06:25:20,343 INFO GET /api/catalog/mark 200 1.0 мс
2026-10-03 06:25:20,483 INFO POST /api/scheme/undo 200 1.6 мс
2026-10-03 06:25:20,834 INFO POST /api/scheme/menu 200 2.1 мс
2026-10-03 06:25:20,869 INFO POST /api/scheme/form 200 2.0 мс
2026-10-03 06:25:20,926 INFO POST /api/scheme/apply 200 2.6 мс
2026-10-03 06:25:20,930 INFO POST /api/scheme/menu 200 1.7 мс
2026-10-03 06:25:21,217 INFO POST /api/scheme/form 200 1.5 мс
2026-10-03 06:25:21,228 INFO GET /api/catalog/mark 200 1.0 мс
2026-10-03 06:25:21,348 INFO POST /api/scheme/apply 200 2.2 мс
2026-10-03 06:25:21,349 INFO POST /api/scheme/menu 200 1.7 мс
2026-10-03 06:25:21,517 INFO GET /api/catalog/mark 200 0.8 мс
2026-10-03 06:25:21,874 INFO POST /api/exchange/export 200 1.2 мс
2026-10-03 06:25:22,190 INFO GET /api/scheme/titles 200 1.2 мс
2026-10-03 06:25:22,210 INFO GET /api/catalog 200 16.1 мс
2026-10-03 06:25:22,273 INFO POST /api/scheme/form 200 1.4 мс
2026-10-03 06:25:22,290 INFO GET /api/catalog/mark 200 1.1 мс
2026-10-03 06:25:22,523 INFO POST /api/scheme/apply 200 2.4 мс
2026-10-03 06:25:22,689 INFO GET /api/catalog/mark 200 0.7 мс
2026-10-03 06:25:22,821 INFO POST /api/scheme/undo 200 1.3 мс
2026-10-03 06:25:23,184 INFO POST /api/scheme/menu 200 1.8 мс
2026-10-03 06:25:23,215 INFO POST /api/scheme/form 200 1.8 мс
2026-10-03 06:25:23,262 INFO POST /api/scheme/apply 200 1.8 мс
2026-10-03 06:25:23,267 INFO POST /api/scheme/menu 200 1.4 мс
2026-10-03 06:25:23,563 INFO POST /api/scheme/form 200 1.4 мс
2026-10-03 06:25:23,568 INFO GET /api/catalog/mark 200 1.2 мс
2026-10-03 06:25:23,703 INFO POST /api/scheme/apply 200 2.3 мс
2026-10-03 06:25:23,709 INFO POST /api/scheme/menu 200 2.0 мс
2026-10-03 06:25:23,864 INFO GET /api/catalog/mark 200 0.8 мс
2026-10-03 06:25:24,171 INFO POST /api/scheme/menu 200 1.5 мс
2026-10-03 06:25:24,203 INFO POST /api/scheme/form 200 1.4 мс
2026-10-03 06:25:24,214 INFO GET /api/catalog/mark 200 1.5 мс
2026-10-03 06:25:24,334 INFO POST /api/scheme/apply 200 2.2 мс
2026-10-03 06:25:24,336 INFO POST /api/scheme/menu 200 1.6 мс
2026-10-03 06:25:24,502 INFO GET /api/catalog/mark 200 0.8 мс
2026-10-03 06:25:24,867 INFO POST /api/exchange/export 200 1.3 мс
2026-10-03 06:25:25,189 INFO GET /api/scheme/titles 200 0.8 мс
2026-10-03 06:25:25,205 INFO GET /api/catalog 200 13.6 мс
2026-10-03 06:25:25,264 INFO POST /api/scheme/form 200 1.3 мс
2026-10-03 06:25:25,281 INFO GET /api/catalog/mark 200 1.0 мс
2026-10-03 06:25:25,495 INFO POST /api/scheme/apply 200 2.1 мс
2026-10-03 06:25:25,663 INFO GET /api/catalog/mark 200 0.8 мс
2026-10-03 06:25:25,789 INFO POST /api/scheme/form 200 1.4 мс
2026-10-03 06:25:25,798 INFO GET /api/catalog/mark 200 1.1 мс
2026-10-03 06:25:25,911 INFO POST /api/scheme/apply 200 2.0 мс
2026-10-03 06:25:25,922 INFO POST /api/scheme/menu 200 1.6 мс
2026-10-03 06:25:26,085 INFO GET /api/catalog/mark 200 1.0 мс
2026-10-03 06:25:26,227 INFO POST /api/scheme/undo 200 1.5 мс
2026-10-03 06:25:26,423 INFO POST /api/scheme/undo 200 1.5 мс
2026-10-03 06:25:26,610 INFO POST /api/scheme/form 200 1.5 мс
2026-10-03 06:25:26,614 INFO GET /api/catalog/mark 200 0.8 мс
2026-10-03 06:25:26,736 INFO POST /api/scheme/apply 200 2.2 мс
2026-10-03 06:25:26,738 INFO POST /api/scheme/menu 200 1.8 мс
2026-10-03 06:25:26,905 INFO GET /api/catalog/mark 200 0.8 мс
2026-10-03 06:25:27,203 INFO POST /api/scheme/menu 200 1.8 мс
2026-10-03 06:25:27,242 INFO POST /api/scheme/form 200 1.5 мс
2026-10-03 06:25:27,245 INFO GET /api/catalog/mark 200 0.8 мс
2026-10-03 06:25:27,368 INFO POST /api/scheme/apply 200 2.4 мс
2026-10-03 06:25:27,371 INFO POST /api/scheme/menu 200 1.6 мс
2026-10-03 06:25:27,536 INFO GET /api/catalog/mark 200 0.9 мс
2026-10-03 06:25:27,908 INFO POST /api/exchange/export 200 1.2 мс
2026-10-03 06:25:28,206 INFO GET /api/scheme/titles 200 0.9 мс
2026-10-03 06:25:28,227 INFO GET /api/catalog 200 19.5 мс
2026-10-03 06:25:28,286 INFO POST /api/scheme/form 200 1.5 мс
2026-10-03 06:25:28,301 INFO GET /api/catalog/mark 200 1.2 мс
2026-10-03 06:25:28,522 INFO POST /api/scheme/apply 200 2.0 мс
2026-10-03 06:25:28,696 INFO GET /api/catalog/mark 200 0.9 мс
2026-10-03 06:25:28,820 INFO POST /api/scheme/form 200 1.5 мс
2026-10-03 06:25:28,824 INFO GET /api/catalog/mark 200 1.2 мс
2026-10-03 06:25:28,953 INFO POST /api/scheme/apply 200 2.4 мс
2026-10-03 06:25:28,959 INFO POST /api/scheme/menu 200 1.8 мс
2026-10-03 06:25:29,112 INFO GET /api/catalog/mark 200 0.7 мс
2026-10-03 06:25:29,637 INFO POST /api/scheme/apply 200 1.5 мс
2026-10-03 06:25:29,640 INFO POST /api/scheme/menu 200 2.5 мс
2026-10-03 06:25:29,987 INFO GET /api/catalog/mark 200 2.8 мс
2026-10-03 06:25:30,191 INFO POST /api/scheme/apply 200 2.8 мс
2026-10-03 06:25:30,354 INFO POST /api/scheme/undo 200 1.8 мс
2026-10-03 06:25:30,708 INFO POST /api/scheme/menu 200 1.6 мс
2026-10-03 06:25:30,739 INFO POST /api/scheme/form 200 1.4 мс
2026-10-03 06:25:30,791 INFO POST /api/scheme/apply 200 2.0 мс
2026-10-03 06:25:30,794 INFO POST /api/scheme/menu 200 1.6 мс
2026-10-03 06:25:31,087 INFO POST /api/scheme/form 200 1.3 мс
2026-10-03 06:25:31,096 INFO GET /api/catalog/mark 200 1.0 мс
2026-10-03 06:25:31,216 INFO POST /api/scheme/apply 200 2.2 мс
2026-10-03 06:25:31,222 INFO POST /api/scheme/menu 200 1.6 мс
2026-10-03 06:25:31,384 INFO GET /api/catalog/mark 200 0.9 мс
2026-10-03 06:25:31,758 INFO POST /api/exchange/export 200 1.7 мс
2026-10-03 06:25:32,048 INFO GET /api/scheme/titles 200 0.6 мс
2026-10-03 06:25:32,103 INFO GET /api/catalog 200 53.5 мс
2026-10-03 06:25:32,160 INFO POST /api/scheme/form 200 1.4 мс
2026-10-03 06:25:32,176 INFO GET /api/catalog/mark 200 1.0 мс
2026-10-03 06:25:32,396 INFO POST /api/scheme/apply 200 2.1 мс
2026-10-03 06:25:32,571 INFO GET /api/catalog/mark 200 1.1 мс
2026-10-03 06:25:32,690 INFO POST /api/scheme/form 200 1.4 мс
2026-10-03 06:25:32,700 INFO GET /api/catalog/mark 200 0.8 мс
2026-10-03 06:25:32,828 INFO POST /api/scheme/apply 200 2.5 мс
2026-10-03 06:25:32,834 INFO POST /api/scheme/menu 200 1.7 мс
2026-10-03 06:25:32,987 INFO GET /api/catalog/mark 200 1.1 мс
2026-10-03 06:25:33,299 INFO POST /api/scheme/menu 200 1.8 мс
2026-10-03 06:25:33,333 INFO POST /api/scheme/form 200 1.5 мс
2026-10-03 06:25:33,341 INFO GET /api/catalog/mark 200 0.8 мс
2026-10-03 06:25:33,377 INFO GET /api/catalog/mark 200 0.9 мс
2026-10-03 06:25:33,522 INFO POST /api/scheme/apply 200 2.6 мс
2026-10-03 06:25:33,650 INFO GET /api/catalog/mark 200 1.0 мс
2026-10-03 06:25:34,205 INFO POST /api/scheme/apply 200 2.0 мс
2026-10-03 06:25:34,211 INFO POST /api/scheme/menu 200 2.3 мс
2026-10-03 06:25:34,540 INFO GET /api/catalog/mark 200 1.1 мс
2026-10-03 06:25:34,746 INFO POST /api/scheme/apply 200 1.7 мс
2026-10-03 06:25:34,752 INFO POST /api/scheme/menu 200 1.7 мс
2026-10-03 06:25:35,069 INFO POST /api/scheme/menu 200 1.8 мс
2026-10-03 06:25:35,104 INFO POST /api/scheme/form 200 1.7 мс
2026-10-03 06:25:35,110 INFO GET /api/catalog/mark 200 0.8 мс
2026-10-03 06:25:35,230 INFO POST /api/scheme/apply 200 2.9 мс
2026-10-03 06:25:35,236 INFO POST /api/scheme/menu 200 1.8 мс
2026-10-03 06:25:35,398 INFO GET /api/catalog/mark 200 0.9 мс
2026-10-03 06:25:35,705 INFO POST /api/scheme/menu 200 2.4 мс
2026-10-03 06:25:35,733 INFO POST /api/scheme/form 200 1.3 мс
2026-10-03 06:25:35,744 INFO GET /api/catalog/mark 200 1.2 мс
2026-10-03 06:25:35,877 INFO POST /api/scheme/apply 200 3.1 мс
2026-10-03 06:25:35,883 INFO POST /api/scheme/menu 200 1.9 мс
2026-10-03 06:25:36,045 INFO GET /api/catalog/mark 200 0.9 мс
2026-10-03 06:25:36,559 INFO POST /api/scheme/apply 200 2.8 мс
2026-10-03 06:25:36,567 INFO POST /api/scheme/menu 200 1.9 мс
2026-10-03 06:25:36,896 INFO GET /api/catalog/mark 200 1.2 мс
2026-10-03 06:25:37,108 INFO POST /api/scheme/apply 200 2.4 мс
2026-10-03 06:25:37,115 INFO POST /api/scheme/menu 200 2.4 мс
2026-10-03 06:25:37,438 INFO POST /api/scheme/menu 200 2.0 мс
2026-10-03 06:25:37,471 INFO POST /api/scheme/form 200 2.0 мс
2026-10-03 06:25:37,477 INFO GET /api/catalog/mark 200 1.1 мс
2026-10-03 06:25:37,668 INFO POST /api/scheme/apply 200 2.6 мс
2026-10-03 06:25:37,773 INFO GET /api/catalog/mark 200 1.0 мс
2026-10-03 06:25:38,135 INFO POST /api/scheme/menu 200 2.0 мс
2026-10-03 06:25:38,342 INFO POST /api/scheme/menu 200 2.5 мс
2026-10-03 06:25:38,372 INFO POST /api/scheme/form 200 1.5 мс
2026-10-03 06:25:38,383 INFO GET /api/catalog/mark 200 1.4 мс
2026-10-03 06:25:38,524 INFO POST /api/scheme/apply 200 4.2 мс
2026-10-03 06:25:38,531 INFO POST /api/scheme/menu 200 2.4 мс
2026-10-03 06:25:38,683 INFO GET /api/catalog/mark 200 0.8 мс
2026-10-03 06:25:39,062 INFO POST /api/exchange/export 200 1.5 мс
2026-10-03 06:25:39,357 INFO GET /api/scheme/titles 200 0.7 мс
2026-10-03 06:25:39,369 INFO GET /api/catalog 200 13.9 мс
2026-10-03 06:25:39,431 INFO POST /api/scheme/form 200 1.4 мс
2026-10-03 06:25:39,447 INFO GET /api/catalog/mark 200 0.9 мс
2026-10-03 06:25:39,682 INFO POST /api/scheme/apply 200 2.2 мс
2026-10-03 06:25:39,836 INFO GET /api/catalog/mark 200 1.0 мс
2026-10-03 06:25:40,162 INFO POST /api/scheme/menu 200 2.1 мс
2026-10-03 06:25:40,194 INFO POST /api/scheme/form 200 1.5 мс
2026-10-03 06:25:40,200 INFO GET /api/catalog/mark 200 0.8 мс
2026-10-03 06:25:40,320 INFO POST /api/scheme/apply 200 2.3 мс
2026-10-03 06:25:40,326 INFO POST /api/scheme/menu 200 1.6 мс
2026-10-03 06:25:40,489 INFO GET /api/catalog/mark 200 1.0 мс
2026-10-03 06:25:40,788 INFO POST /api/scheme/menu 200 1.7 мс
2026-10-03 06:25:40,826 INFO POST /api/scheme/form 200 1.5 мс
2026-10-03 06:25:40,836 INFO GET /api/catalog/mark 200 1.0 мс
2026-10-03 06:25:40,869 INFO GET /api/catalog/mark 200 0.7 мс
2026-10-03 06:25:41,022 INFO POST /api/scheme/apply 200 2.9 мс
2026-10-03 06:25:41,145 INFO GET /api/catalog/mark 200 0.9 мс
2026-10-03 06:25:41,697 INFO POST /api/scheme/apply 200 2.1 мс
2026-10-03 06:25:41,704 INFO POST /api/scheme/menu 200 2.1 мс
2026-10-03 06:25:42,253 INFO POST /api/scheme/apply 200 1.8 мс
2026-10-03 06:25:42,259 INFO POST /api/scheme/menu 200 2.2 мс
2026-10-03 06:25:42,584 INFO POST /api/scheme/menu 200 2.2 мс
2026-10-03 06:25:42,619 INFO POST /api/scheme/form 200 2.1 мс
2026-10-03 06:25:42,674 INFO POST /api/scheme/apply 200 2.3 мс
2026-10-03 06:25:42,681 INFO POST /api/scheme/menu 200 1.6 мс
2026-10-03 06:25:43,146 INFO POST /api/scheme/menu 200 1.8 мс
2026-10-03 06:25:43,180 INFO POST /api/scheme/form 200 1.6 мс
2026-10-03 06:25:43,285 INFO POST /api/scheme/apply 200 2.3 мс
2026-10-03 06:25:43,758 INFO POST /api/scheme/menu 200 2.2 мс
2026-10-03 06:25:44,061 INFO POST /api/exchange/export 200 1.2 мс
2026-10-03 06:25:44,365 INFO GET /api/scheme/titles 200 0.8 мс
2026-10-03 06:25:44,380 INFO GET /api/catalog 200 12.9 мс
2026-10-03 06:25:44,445 INFO POST /api/scheme/form 200 1.3 мс
2026-10-03 06:25:44,460 INFO GET /api/catalog/mark 200 0.9 мс
2026-10-03 06:25:44,689 INFO POST /api/scheme/apply 200 2.2 мс
2026-10-03 06:25:44,850 INFO GET /api/catalog/mark 200 0.9 мс
2026-10-03 06:25:45,154 INFO POST /api/scheme/menu 200 2.2 мс
2026-10-03 06:25:45,187 INFO POST /api/scheme/form 200 1.5 мс
2026-10-03 06:25:45,199 INFO GET /api/catalog/mark 200 1.0 мс
2026-10-03 06:25:45,234 INFO GET /api/catalog/mark 200 1.2 мс
2026-10-03 06:25:45,383 INFO POST /api/scheme/apply 200 2.9 мс
2026-10-03 06:25:45,497 INFO GET /api/catalog/mark 200 1.1 мс
2026-10-03 06:25:45,679 INFO POST /api/scheme/form 200 1.3 мс
2026-10-03 06:25:45,682 INFO GET /api/catalog/mark 200 0.9 мс
2026-10-03 06:25:45,798 INFO POST /api/scheme/apply 200 2.3 мс
2026-10-03 06:25:45,801 INFO POST /api/scheme/menu 200 1.8 мс
2026-10-03 06:25:45,975 INFO GET /api/catalog/mark 200 0.7 мс
2026-10-03 06:25:46,269 INFO POST /api/scheme/menu 200 1.9 мс
2026-10-03 06:25:46,301 INFO POST /api/scheme/form 200 1.4 мс
2026-10-03 06:25:46,310 INFO GET /api/catalog/mark 200 0.8 мс
2026-10-03 06:25:46,481 INFO POST /api/scheme/apply 200 3.2 мс
2026-10-03 06:25:46,602 INFO GET /api/catalog/mark 200 1.0 мс
2026-10-03 06:25:46,943 INFO POST /api/scheme/menu 200 2.2 мс
2026-10-03 06:25:46,974 INFO POST /api/scheme/form 200 1.4 мс
2026-10-03 06:25:46,983 INFO GET /api/catalog/mark 200 0.8 мс
2026-10-03 06:25:47,153 INFO POST /api/scheme/apply 200 3.1 мс
2026-10-03 06:25:47,287 INFO GET /api/catalog/mark 200 1.0 мс
2026-10-03 06:25:47,613 INFO POST /api/scheme/menu 200 2.7 мс
2026-10-03 06:25:47,640 INFO POST /api/scheme/form 200 1.5 мс
2026-10-03 06:25:47,652 INFO GET /api/catalog/mark 200 0.8 мс
2026-10-03 06:25:47,773 INFO POST /api/scheme/apply 200 4.7 мс
2026-10-03 06:25:47,782 INFO POST /api/scheme/menu 200 2.4 мс
2026-10-03 06:25:47,939 INFO GET /api/catalog/mark 200 0.9 мс
2026-10-03 06:25:48,247 INFO POST /api/scheme/menu 200 2.0 мс
2026-10-03 06:25:48,277 INFO POST /api/scheme/form 200 1.6 мс
2026-10-03 06:25:48,283 INFO GET /api/catalog/mark 200 0.8 мс
2026-10-03 06:25:48,460 INFO POST /api/scheme/apply 200 4.4 мс
2026-10-03 06:25:48,587 INFO GET /api/catalog/mark 200 1.0 мс
2026-10-03 06:25:48,933 INFO POST /api/scheme/menu 200 3.0 мс
2026-10-03 06:25:48,960 INFO POST /api/scheme/form 200 1.9 мс
2026-10-03 06:25:48,972 INFO GET /api/catalog/mark 200 0.9 мс
2026-10-03 06:25:49,011 INFO GET /api/catalog/mark 200 0.8 мс
2026-10-03 06:25:49,161 INFO POST /api/scheme/apply 200 4.1 мс
2026-10-03 06:25:49,271 INFO GET /api/catalog/mark 200 0.9 мс
2026-10-03 06:25:49,829 INFO POST /api/scheme/apply 200 2.4 мс
2026-10-03 06:25:49,837 INFO POST /api/scheme/menu 200 2.4 мс
2026-10-03 06:25:50,172 INFO GET /api/catalog/mark 200 1.1 мс
2026-10-03 06:25:50,378 INFO POST /api/scheme/apply 200 2.8 мс
2026-10-03 06:25:50,385 INFO POST /api/scheme/menu 200 2.3 мс
2026-10-03 06:25:50,941 INFO POST /api/scheme/apply 200 2.6 мс
2026-10-03 06:25:50,948 INFO POST /api/scheme/menu 200 2.5 мс
2026-10-03 06:25:51,271 INFO GET /api/catalog/mark 200 3.4 мс
2026-10-03 06:25:51,475 INFO POST /api/scheme/apply 200 2.4 мс
2026-10-03 06:25:51,868 INFO POST /api/exchange/export 200 1.6 мс
2026-10-03 06:25:52,208 INFO GET /api/scheme/titles 200 1.1 мс
2026-10-03 06:25:52,225 INFO GET /api/catalog 200 14.9 мс
2026-10-03 06:25:52,286 INFO POST /api/scheme/form 200 1.9 мс
2026-10-03 06:25:52,303 INFO GET /api/catalog/mark 200 1.3 мс
2026-10-03 06:25:52,323 INFO POST /api/scheme/apply 200 2.3 мс
2026-10-03 06:25:52,786 INFO POST /api/scheme/menu 200 1.8 мс
2026-10-03 06:25:53,271 INFO POST /api/scheme/apply 200 1.6 мс
2026-10-03 06:25:53,904 INFO GET /api/scheme/titles 200 0.9 мс
2026-10-03 06:25:53,925 INFO GET /api/catalog 200 16.8 мс
2026-10-03 06:25:53,980 INFO POST /api/scheme/form 200 1.9 мс
2026-10-03 06:25:53,996 INFO GET /api/catalog/mark 200 1.2 мс
2026-10-03 06:25:54,016 INFO POST /api/scheme/apply 200 1.9 мс
2026-10-03 06:25:54,480 INFO POST /api/scheme/menu 200 1.9 мс
2026-10-03 06:25:54,508 INFO POST /api/scheme/form 200 1.4 мс
2026-10-03 06:25:54,520 INFO GET /api/catalog/mark 200 1.0 мс
2026-10-03 06:25:54,549 INFO POST /api/scheme/apply 200 2.0 мс
2026-10-03 06:25:54,556 INFO POST /api/scheme/menu 200 1.5 мс
2026-10-03 06:25:55,232 INFO отказ /api/scheme/apply: К опоре присоединена ЛЭП! Опора не удалена!
2026-10-03 06:25:55,232 INFO POST /api/scheme/apply 409 1.5 мс
2026-10-03 06:25:55,439 INFO POST /api/scheme/menu 200 1.6 мс
2026-10-03 06:25:55,478 INFO POST /api/scheme/form 200 1.5 мс
2026-10-03 06:25:55,487 INFO GET /api/catalog/mark 200 1.0 мс
2026-10-03 06:25:55,555 INFO POST /api/scheme/undo 200 1.6 мс
2026-10-03 06:25:56,041 INFO GET /api/scheme/titles 200 0.9 мс
2026-10-03 06:25:56,059 INFO GET /api/catalog 200 14.1 мс
2026-10-03 06:25:56,113 INFO POST /api/scheme/form 200 2.1 мс
2026-10-03 06:25:56,130 INFO GET /api/catalog/mark 200 1.2 мс
2026-10-03 06:25:56,496 INFO GET /api/catalog/mark 200 1.2 мс
2026-10-03 06:25:56,765 INFO GET /api/scheme/titles 200 0.9 мс
2026-10-03 06:25:56,781 INFO GET /api/catalog 200 13.1 мс
2026-10-03 06:25:56,836 INFO POST /api/exchange/import 200 9.1 мс
2026-10-03 06:25:57,021 INFO POST /api/exchange/export 200 6.9 мс
2026-10-03 06:25:57,311 INFO GET /api/scheme/titles 200 0.9 мс
2026-10-03 06:25:57,330 INFO GET /api/catalog 200 14.7 мс
2026-10-03 06:25:57,383 INFO POST /api/exchange/import 200 11.9 мс
2026-10-03 06:25:57,574 INFO POST /api/exchange/export 200 9.0 мс
2026-10-03 06:25:57,904 INFO GET /api/scheme/titles 200 1.0 мс
2026-10-03 06:25:57,922 INFO GET /api/catalog 200 14.0 мс
2026-10-03 06:25:57,978 INFO POST /api/exchange/import 200 8.2 мс
2026-10-03 06:25:58,138 INFO POST /api/exchange/export 200 4.8 мс
2026-10-03 06:25:58,448 INFO GET /api/scheme/titles 200 0.7 мс
2026-10-03 06:25:58,467 INFO GET /api/catalog 200 14.8 мс
2026-10-03 06:25:58,522 INFO POST /api/scheme/form 200 1.8 мс
2026-10-03 06:25:58,538 INFO GET /api/catalog/mark 200 1.0 мс
2026-10-03 06:25:58,558 INFO POST /api/scheme/apply 200 2.2 мс
2026-10-03 06:25:59,578 INFO GET /api/scheme/titles 200 0.9 мс
2026-10-03 06:25:59,598 INFO GET /api/catalog 200 16.5 мс
2026-10-03 06:25:59,658 INFO POST /api/exchange/import 200 12.6 мс
2026-10-03 06:26:00,697 INFO GET /api/catalog/mark 200 1.4 мс
2026-10-03 06:26:02,025 INFO GET /api/catalog/mark 200 1.1 мс
2026-10-03 06:26:02,280 INFO POST /api/scheme/apply 200 16.1 мс
2026-10-03 06:26:02,307 INFO GET /api/catalog/mark 200 1.2 мс
2026-10-03 06:26:04,870 INFO POST /api/scheme/apply 200 15.6 мс
2026-10-03 06:26:05,065 INFO POST /api/exchange/export 200 10.5 мс
2026-10-03 06:26:05,370 INFO GET /api/scheme/titles 200 0.9 мс
2026-10-03 06:26:05,384 INFO GET /api/catalog 200 14.2 мс
2026-10-03 06:26:05,445 INFO POST /api/scheme/form 200 1.4 мс
2026-10-03 06:26:05,460 INFO GET /api/catalog/mark 200 1.1 мс
2026-10-03 06:26:05,494 INFO POST /api/scheme/apply 200 2.3 мс
2026-10-03 06:26:05,966 INFO POST /api/scheme/menu 200 2.0 мс
2026-10-03 06:26:05,999 INFO POST /api/scheme/form 200 1.1 мс
2026-10-03 06:26:06,001 INFO GET /api/catalog/mark 200 1.1 мс
2026-10-03 06:26:06,042 INFO GET /api/catalog/mark 200 1.4 мс
2026-10-03 06:26:06,133 INFO POST /api/scheme/apply 200 2.3 мс
2026-10-03 06:26:06,137 INFO POST /api/scheme/menu 200 1.8 мс
2026-10-03 06:26:06,603 INFO GET /api/catalog/mark 200 1.3 мс
2026-10-03 06:26:07,017 INFO GET /api/scheme/titles 200 1.4 мс
2026-10-03 06:26:07,036 INFO GET /api/catalog 200 17.4 мс
2026-10-03 06:26:07,382 INFO GET /api/scheme/titles 200 1.0 мс
2026-10-03 06:26:07,403 INFO GET /api/catalog 200 16.8 мс
2026-10-03 06:26:07,468 INFO POST /api/exchange/import 200 6.7 мс
2026-10-03 06:26:07,580 INFO POST /api/calc 200 24.1 мс
2026-10-03 06:26:09,532 INFO GET /api/scheme/titles 200 0.7 мс
2026-10-03 06:26:09,550 INFO GET /api/catalog 200 14.5 мс
2026-10-03 06:26:09,607 INFO POST /api/exchange/import 200 6.6 мс
2026-10-03 06:26:09,703 INFO POST /api/calc 200 22.6 мс
2026-10-03 06:26:11,104 INFO POST /api/scheme/apply 200 8.6 мс
2026-10-03 06:26:11,563 INFO GET /api/scheme/titles 200 1.1 мс
2026-10-03 06:26:11,582 INFO GET /api/catalog 200 14.7 мс
2026-10-03 06:26:11,640 INFO POST /api/scheme/form 200 1.6 мс
2026-10-03 06:26:11,658 INFO GET /api/catalog/mark 200 1.2 мс
2026-10-03 06:26:11,683 INFO POST /api/scheme/apply 200 2.1 мс
2026-10-03 06:26:12,019 INFO отказ /api/calc: В схеме отсутствуют потребители! Расчёт не запущен!
2026-10-03 06:26:12,019 INFO POST /api/calc 409 1.3 мс
2026-10-03 06:26:12,293 INFO GET /api/scheme/titles 200 0.7 мс
2026-10-03 06:26:12,313 INFO GET /api/catalog 200 14.6 мс
2026-10-03 06:26:12,361 INFO POST /api/exchange/import 200 1.5 мс
2026-10-03 06:26:12,420 INFO POST /api/calc 200 5.6 мс
2026-10-03 06:26:13,211 INFO POST /api/scheme/apply 200 2.1 мс
2026-10-03 06:26:13,219 INFO POST /api/scheme/menu 200 2.2 мс
2026-10-03 06:26:13,546 INFO GET /api/catalog/mark 200 1.2 мс
2026-10-03 06:26:13,760 INFO POST /api/scheme/apply 200 2.4 мс
2026-10-03 06:26:13,767 INFO POST /api/scheme/menu 200 2.3 мс
2026-10-03 06:26:14,294 INFO POST /api/scheme/apply 200 2.0 мс
2026-10-03 06:26:14,301 INFO POST /api/scheme/menu 200 2.3 мс
2026-10-03 06:26:14,623 INFO GET /api/catalog/mark 200 1.0 мс
2026-10-03 06:26:14,829 INFO POST /api/scheme/apply 200 2.1 мс
2026-10-03 06:26:14,835 INFO POST /api/scheme/menu 200 2.1 мс
2026-10-03 06:26:15,370 INFO POST /api/scheme/apply 200 2.1 мс
2026-10-03 06:26:15,376 INFO POST /api/scheme/menu 200 2.2 мс
2026-10-03 06:26:15,719 INFO GET /api/catalog/mark 200 1.1 мс
2026-10-03 06:26:15,932 INFO POST /api/scheme/apply 200 2.1 мс
2026-10-03 06:26:15,939 INFO POST /api/scheme/menu 200 2.2 мс
2026-10-03 06:26:16,127 INFO POST /api/calc 200 4.5 мс
2026-10-03 06:26:16,820 INFO GET /api/scheme/titles 200 1.0 мс
2026-10-03 06:26:16,842 INFO GET /api/catalog 200 18.5 мс
2026-10-03 06:26:16,897 INFO POST /api/exchange/import 200 1.6 мс
2026-10-03 06:26:16,970 INFO POST /api/calc 200 6.3 мс
2026-10-03 06:26:17,739 INFO POST /api/scheme/apply 200 2.8 мс
2026-10-03 06:26:17,747 INFO POST /api/scheme/menu 200 2.2 мс
2026-10-03 06:26:18,083 INFO GET /api/catalog/mark 200 1.6 мс
2026-10-03 06:26:18,313 INFO POST /api/scheme/apply 200 3.9 мс
2026-10-03 06:26:18,322 INFO POST /api/scheme/menu 200 3.0 мс
2026-10-03 06:26:18,870 INFO POST /api/scheme/apply 200 1.9 мс
2026-10-03 06:26:18,877 INFO POST /api/scheme/menu 200 2.5 мс
2026-10-03 06:26:19,207 INFO GET /api/catalog/mark 200 0.9 мс
2026-10-03 06:26:19,421 INFO POST /api/scheme/apply 200 1.9 мс
2026-10-03 06:26:19,427 INFO POST /api/scheme/menu 200 2.3 мс
2026-10-03 06:26:19,975 INFO POST /api/scheme/apply 200 2.0 мс
2026-10-03 06:26:19,980 INFO POST /api/scheme/menu 200 2.5 мс
2026-10-03 06:26:20,323 INFO GET /api/catalog/mark 200 1.2 мс
2026-10-03 06:26:20,536 INFO POST /api/scheme/apply 200 2.0 мс
2026-10-03 06:26:20,542 INFO POST /api/scheme/menu 200 2.0 мс
2026-10-03 06:26:20,724 INFO POST /api/calc 200 5.5 мс
2026-10-03 06:26:21,488 INFO GET /api/scheme/titles 200 1.4 мс
2026-10-03 06:26:21,559 INFO GET /api/catalog 200 65.9 мс
2026-10-03 06:26:21,611 INFO POST /api/exchange/import 200 1.7 мс
2026-10-03 06:26:21,678 INFO POST /api/calc 200 5.7 мс
2026-10-03 06:26:22,037 INFO POST /api/exchange/import 200 6.7 мс
2026-10-03 06:26:22,083 INFO POST /api/exchange/import 200 1.3 мс
2026-10-03 06:26:22,140 INFO POST /api/calc 200 4.7 мс
2026-10-03 06:26:22,801 INFO GET /api/scheme/titles 200 1.3 мс
2026-10-03 06:26:22,824 INFO GET /api/catalog 200 18.9 мс
2026-10-03 06:26:22,885 INFO POST /api/exchange/import 200 1.5 мс
2026-10-03 06:26:22,956 INFO POST /api/calc 200 4.6 мс
2026-10-03 06:26:23,633 INFO GET /api/scheme/titles 200 1.0 мс
2026-10-03 06:26:23,653 INFO GET /api/catalog 200 15.3 мс
2026-10-03 06:26:23,702 INFO POST /api/exchange/import 200 1.7 мс
2026-10-03 06:26:23,767 INFO POST /api/calc 200 5.5 мс
2026-10-03 06:26:24,479 INFO GET /api/scheme/titles 200 1.3 мс
2026-10-03 06:26:24,494 INFO GET /api/catalog 200 14.6 мс
2026-10-03 06:26:24,546 INFO POST /api/exchange/import 200 1.2 мс
2026-10-03 06:26:24,607 INFO POST /api/calc 200 4.1 мс
2026-10-03 06:26:25,471 INFO GET /api/scheme/titles 200 0.7 мс
2026-10-03 06:26:25,487 INFO GET /api/catalog 200 15.2 мс
2026-10-03 06:26:25,552 INFO POST /api/exchange/import 200 6.8 мс
2026-10-03 06:26:25,658 INFO POST /api/calc 200 25.8 мс
2026-10-03 06:26:26,864 INFO GET /api/scheme/titles 200 0.9 мс
2026-10-03 06:26:26,884 INFO GET /api/catalog 200 15.2 мс
2026-10-03 06:26:26,938 INFO POST /api/exchange/import 200 7.8 мс
2026-10-03 06:26:27,767 INFO GET /api/catalog/mark 200 1.3 мс
2026-10-03 06:26:28,603 INFO GET /api/catalog/mark 200 0.9 мс
2026-10-03 06:26:28,624 INFO GET /api/catalog/mark 200 1.2 мс
2026-10-03 06:26:29,948 INFO GET /api/scheme/titles 200 0.9 мс
2026-10-03 06:26:29,973 INFO GET /api/catalog 200 21.5 мс
2026-10-03 06:26:30,036 INFO POST /api/exchange/import 200 7.8 мс
2026-10-03 06:26:30,891 INFO GET /api/catalog/mark 200 2.2 мс
2026-10-03 06:26:31,362 INFO GET /api/catalog/mark 200 0.7 мс
2026-10-03 06:26:31,647 INFO GET /api/catalog/mark 200 1.2 мс
2026-10-03 06:26:31,691 INFO GET /api/catalog/mark 200 1.3 мс
